	day_of_week	day_of_month	month	time_of_day	topic_train	t_bullet	t_limited	t_northbound	timestamp	train_id_x	tweet_id	uid	is_delay	delay_minor	delay_med	delay_major	delay_catastrophic	is_backlog	is_canceled	is_passing	is_accident	is_medical	is_mechanical	is_customer	is_event
0	0	25	1	error	'155'	0	0	1	2016-01-25 23:42:14	155	691768068385718275	155691768068385718275	1	0	0	1	0	0	0	0	0	0	0	0	0
1	4	22	1	error	'151'	0	0	1	2016-01-22 22:48:57	151	690667494906814464	151690667494906814464	1	1	0	0	0	0	0	0	0	0	0	0	0
2	2	20	1	error	'151'	0	0	1	2016-01-20 22:22:55	151	689936168893329408	151689936168893329408	1	1	0	0	0	0	0	0	0	0	0	0	0
3	1	19	1	rush_evening	'138'	0	0	0	2016-01-19 18:08:25	138	689509733640732672	138689509733640732672	0	0	0	0	0	0	0	0	0	0	0	0	0
4	1	19	1	rush_evening	'216', '225', '329'	0	1	0	2016-01-19 16:32:04	216	689485484838416388	216689485484838416388	1	0	1	0	0	0	0	0	0	0	0	0	0
5	1	19	1	rush_evening	'216', '225', '329'	0	1	1	2016-01-19 16:32:04	225	689485484838416388	225689485484838416388	1	0	1	0	0	1	0	0	0	0	0	0	0
6	1	19	1	rush_evening	'216', '225', '329'	1	0	1	2016-01-19 16:32:04	329	689485484838416388	329689485484838416388	1	1	0	0	0	1	0	0	0	0	0	0	0
7	1	19	1	rush_evening	'323'	1	0	1	2016-01-19 16:10:57	323	689480172769128448	323689480172769128448	1	0	0	0	0	0	0	0	0	0	0	0	0
8	4	15	1	error	'371'	1	0	1	2016-01-15 01:14:49	371	687805102480965636	371687805102480965636	1	0	1	0	0	0	0	0	0	0	0	0	0
9	4	15	1	error	'371'	1	0	1	2016-01-15 01:07:29	371	687803253799567360	371687803253799567360	0	0	0	0	0	0	0	1	0	0	0	0	0
10	4	15	1	error	'371'	1	0	1	2016-01-15 00:55:35	371	687800259230093312	371687800259230093312	0	0	0	0	0	0	0	1	0	0	0	0	0
11	4	15	1	error	'269'	0	1	1	2016-01-15 00:50:23	269	687798952725352449	269687798952725352449	0	0	0	0	0	0	0	1	0	0	0	0	0
12	2	13	1	workday	'217', '319'	0	1	1	2016-01-13 15:29:00	217	687295289057624064	217687295289057624064	1	0	1	0	0	1	0	0	0	0	0	0	0
13	2	13	1	workday	'217', '319'	1	0	1	2016-01-13 15:29:00	319	687295289057624064	319687295289057624064	0	0	0	0	0	0	0	1	0	0	0	0	0
14	2	13	1	error	'156'	0	0	0	2016-01-13 01:22:06	156	687082156196139008	156687082156196139008	1	0	1	0	0	0	0	0	0	0	0	0	0
15	1	12	1	error	'150'	0	0	0	2016-01-12 22:33:39	150	687039767775543296	150687039767775543296	1	1	0	0	0	0	0	0	0	0	0	1	0
16	1	12	1	rush_evening	'323', ''	1	0	1	2016-01-12 16:52:10	323	686953828432752640	323686953828432752640	1	1	0	0	0	0	0	0	0	0	0	0	0
17	1	12	1	error	'366'	1	0	0	2016-01-12 03:36:53	366	686753687599841280	366686753687599841280	1	0	0	0	0	1	0	0	0	0	0	0	0
18	1	12	1	error	'366'	1	0	0	2016-01-12 03:19:25	366	686749292250267648	366686749292250267648	1	0	0	0	0	1	0	0	0	0	0	0	0
19	1	12	1	error	'273', '366'	0	1	1	2016-01-12 02:59:33	273	686744294753828864	375686744294753828864	1	0	0	0	0	1	0	0	0	0	0	0	0
20	1	12	1	error	'273', '366'	1	0	0	2016-01-12 02:59:33	366	686744294753828864	279686744294753828864	1	0	0	0	1	1	0	0	0	0	0	0	0
21	1	12	1	error	'375', '277'	1	0	1	2016-01-12 02:14:59	375	686733080246108160	366686744294753828864	1	0	0	0	0	1	0	0	0	0	0	0	0
22	1	12	1	error	'375', '277'	0	1	1	2016-01-12 02:14:59	277	686733080246108160	277686744294753828864	1	0	0	0	0	1	0	0	0	0	0	0	0
23	1	12	1	error	'366', ''	1	0	0	2016-01-12 02:07:52	366	686731287093096450	375686733080246108160	1	0	0	0	0	1	0	0	0	0	0	0	0
24	1	12	1	error	'262'	0	1	0	2016-01-12 01:36:37	262	686723422584500224	277686733080246108160	1	0	0	0	0	1	0	0	0	0	0	0	0
25	0	11	1	rush_evening	'138'	0	0	0	2016-01-11 19:27:28	138	686630523163127808	366686731287093096450	1	0	0	0	0	0	1	0	0	0	0	0	0
26	4	8	1	error	'151'	0	0	1	2016-01-08 22:45:57	151	685593311868878848	262686723422584500224	1	0	0	0	1	0	0	0	1	0	0	0	0
27	4	8	1	error	'143'	0	0	1	2016-01-08 20:23:21	143	685557423113777152	138686630523163127808	1	0	0	1	0	0	0	0	0	0	1	0	0
28	4	8	1	error	'142'	0	0	0	2016-01-08 20:21:41	142	685557002844504065	151685593311868878848	1	1	0	0	0	0	0	0	0	0	0	0	0
29	4	8	1	error	'142'	0	0	0	2016-01-08 20:14:04	142	685555085691105280	143685557423113777152	1	0	1	0	0	0	0	0	0	0	0	1	0
30	4	8	1	error	'142'	0	0	0	2016-01-08 20:14:04	142	685555085691105280	142685557002844504065	1	0	0	1	0	0	0	0	0	1	0	0	0
31	4	8	1	error	'142'	0	0	0	2016-01-08 20:14:04	142	685555085691105280	142685555085691105280	1	0	0	0	0	0	0	0	0	1	0	0	0
32	4	8	1	error	'142'	0	0	0	2016-01-08 20:14:04	142	685555085691105280	142685555085691105280	1	0	0	0	0	0	0	0	0	1	0	0	0
33	4	8	1	error	'142'	0	0	0	2016-01-08 20:14:04	142	685555085691105280	142685555085691105280	1	0	0	0	0	0	0	0	0	1	0	0	0
34	4	8	1	error	'142'	0	0	0	2016-01-08 20:14:04	142	685555085691105280	142685555085691105280	1	0	0	0	0	0	0	0	0	1	0	0	0
35	4	8	1	error	'142'	0	0	0	2016-01-08 20:14:04	142	685555085691105280	142685555085691105280	1	0	0	0	0	0	0	0	0	1	0	0	0
36	4	8	1	error	'142'	0	0	0	2016-01-08 20:14:04	142	685555085691105280	142685555085691105280	1	0	0	0	0	0	0	0	0	1	0	0	0
37	4	8	1	error	'142'	0	0	0	2016-01-08 20:14:04	142	685555085691105280	142685555085691105280	1	0	0	0	0	0	0	0	0	1	0	0	0
38	4	8	1	error	'142'	0	0	0	2016-01-08 20:14:04	142	685555085691105280	142685555085691105280	1	0	0	0	0	0	0	0	0	1	0	0	0
39	1	5	1	error	'268'	0	1	0	2016-01-05 02:16:28	268	684196735107768320	142685555085691105280	1	0	0	0	0	0	0	0	0	1	0	0	0
40	1	5	1	error	'268'	0	1	0	2016-01-05 02:16:28	268	684196735107768320	142685555085691105280	1	0	0	0	0	0	0	0	0	1	0	0	0
41	1	5	1	error	'268'	0	1	0	2016-01-05 02:16:28	268	684196735107768320	142685555085691105280	1	0	0	0	0	0	0	0	0	1	0	0	0
42	1	5	1	error	'268'	0	1	0	2016-01-05 02:16:28	268	684196735107768320	142685555085691105280	1	0	0	0	0	0	0	0	0	1	0	0	0
43	0	4	1	rush_evening	'139'	0	0	1	2016-01-04 19:30:42	139	684094621610147840	142685555085691105280	1	0	0	0	0	0	0	0	0	1	0	0	0
44	0	4	1	rush_evening	'139'	0	0	1	2016-01-04 19:30:42	139	684094621610147840	142685555085691105280	1	0	0	0	0	0	0	0	0	1	0	0	0
45	0	4	1	rush_evening	'139'	0	0	1	2016-01-04 19:30:42	139	684094621610147840	142685555085691105280	1	0	0	0	0	0	0	0	0	1	0	0	0
46	0	4	1	rush_evening	'139'	0	0	1	2016-01-04 19:30:42	139	684094621610147840	142685555085691105280	1	0	0	0	0	0	0	0	0	1	0	0	0
47	1	29	12	error	'142'	0	0	0	2015-12-29 20:14:23	142	681931288505221120	268684196735107768320	1	1	0	0	0	0	0	0	0	0	0	0	0
48	1	29	12	error	'264'	0	1	0	2015-12-29 01:54:47	264	681654564676743168	139684094621610147840	1	0	1	0	0	0	0	0	0	0	0	0	0
49	2	23	12	error	'268'	0	1	0	2015-12-23 02:19:14	268	679486389453340673	142681931288505221120	1	0	1	0	0	0	0	0	0	1	0	0	0
50	5	19	12	error	'258'	0	1	0	2015-12-19 00:34:46	258	678010549586673664	264681654564676743168	1	0	0	0	0	0	0	0	0	0	1	0	0
51	2	16	12	rush_evening	'233'	0	1	1	2015-12-16 17:32:20	233	677179463868678144	268679486389453340673	1	0	0	0	0	0	0	0	0	0	0	0	0
52	2	16	12	rush_evening	'233'	0	1	1	2015-12-16 17:27:35	233	677178271390302208	258678010549586673664	1	0	1	0	0	0	0	0	0	0	0	0	0
53	2	16	12	rush_evening	'233'	0	1	1	2015-12-16 17:15:53	233	677175327299264512	233677179463868678144	1	0	0	1	0	0	0	0	0	0	0	1	0
54	2	16	12	error	'365'	1	0	1	2015-12-16 01:07:55	365	676931727684673537	233677178271390302208	1	0	0	1	0	0	0	0	0	0	0	1	0
55	5	12	12	error	'287'	0	1	1	2015-12-12 04:01:10	287	675525778021289984	233677175327299264512	1	0	0	0	0	0	0	0	0	0	0	1	0
56	4	11	12	error	'151', ''	0	0	1	2015-12-11 22:30:59	151	675442683830099968	365676931727684673537	1	0	1	0	0	0	0	0	0	1	0	0	0
57	4	11	12	error	'254'	0	1	0	2015-12-11 00:27:40	254	675109660169527296	287675525778021289984	1	0	0	0	0	0	0	0	1	0	0	0	0
58	2	9	12	error	'276'	0	1	0	2015-12-09 02:01:02	276	674408380635549696	151675442683830099968	1	0	1	0	0	0	0	0	0	0	0	0	0
59	0	7	12	rush_evening	'134', ''	0	0	0	2015-12-07 18:06:47	134	673926641786097665	254675109660169527296	1	0	1	0	0	0	0	0	0	0	0	0	0
60	0	7	12	rush_evening	'134'	0	0	0	2015-12-07 18:01:10	134	673925231744958464	276674408380635549696	0	0	0	0	0	0	0	0	0	0	0	0	0
61	6	6	12	error	'448'	0	0	0	2015-12-06 06:10:45	448	673384060673110016	134673926641786097665	0	0	1	0	0	0	0	0	0	1	0	0	0
62	6	6	12	error	'448'	0	0	0	2015-12-06 06:04:11	448	673382409379811330	134673925231744958464	1	0	0	0	0	0	0	0	0	1	0	0	0
63	6	6	12	error	'443'	0	0	1	2015-12-06 03:24:33	443	673342234113130496	448673384060673110016	1	0	0	0	0	0	0	0	0	1	0	0	0
64	5	5	12	error	'386'	1	0	0	2015-12-05 03:27:06	386	672980488030580737	448673382409379811330	1	0	0	0	0	0	0	0	0	1	0	0	0
65	5	5	12	error	'381'	1	0	1	2015-12-05 01:47:15	381	672955360236273664	443673342234113130496	1	0	1	0	0	0	0	0	0	0	0	0	0
66	5	5	12	error	'375'	1	0	1	2015-12-05 01:29:57	375	672951005223358464	386672980488030580737	1	0	0	0	0	0	0	0	1	0	0	0	0
67	5	5	12	error	'156'	0	0	0	2015-12-05 00:28:16	156	672935485593915392	381672955360236273664	1	0	0	0	0	0	0	1	0	0	0	0	0
68	4	4	12	error	'151'	0	0	1	2015-12-04 22:06:09	151	672899720470134784	375672951005223358464	1	0	0	0	0	0	0	1	0	0	0	0	0
69	4	4	12	rush_evening	'323'	1	0	1	2015-12-04 16:22:39	323	672813274136752128	156672935485593915392	1	0	1	0	0	0	0	0	0	0	0	0	0
70	4	4	12	workday	'217'	0	1	1	2015-12-04 15:22:35	217	672798159689539586	151672899720470134784	1	0	1	0	0	0	0	0	0	0	0	0	0
71	4	4	12	workday	'217'	0	1	1	2015-12-04 14:37:25	217	672786792542638080	323672813274136752128	1	0	1	0	0	0	0	1	0	0	0	0	0
72	4	4	12	error	'254'	0	1	0	2015-12-04 00:04:17	254	672567058131881985	217672798159689539586	0	0	0	0	0	0	0	0	0	0	0	0	0
73	3	3	12	error	'375'	1	0	1	2015-12-03 02:13:39	375	672237226944696320	217672786792542638080	1	0	0	0	0	0	1	0	0	0	1	0	0
74	3	3	12	error	'375'	1	0	1	2015-12-03 02:12:53	375	672237036493889536	254672567058131881985	1	0	1	0	0	0	0	0	0	0	0	0	0
75	2	2	12	error	'142', ''	0	0	0	2015-12-02 20:00:58	142	672143440218423296	375672237226944696320	1	0	0	0	0	0	0	0	0	1	0	0	0
76	2	2	12	rush_evening	'142', ''	0	0	0	2015-12-02 19:32:08	142	672136181862162432	375672237036493889536	1	0	1	0	0	0	0	0	0	1	0	0	0
77	2	2	12	rush_evening	'138'	0	0	0	2015-12-02 19:22:39	138	672133796309831680	142672143440218423296	1	0	1	0	0	0	0	0	0	0	0	0	0
78	2	2	12	rush_evening	'138'	0	0	0	2015-12-02 19:11:35	138	672131010629206016	142672136181862162432	1	0	0	0	0	0	0	0	0	0	1	0	0
79	1	1	12	error	'147'	0	0	1	2015-12-01 21:01:59	147	671796409230749697	138672133796309831680	0	0	0	0	0	0	0	0	0	0	0	0	0
80	1	1	12	rush_evening	'135'	0	0	1	2015-12-01 18:26:49	135	671757356204617729	138672131010629206016	1	0	1	0	0	0	0	0	0	0	1	0	0
81	1	1	12	workday	'227'	0	1	1	2015-12-01 15:32:37	227	671713520472350721	147671796409230749697	1	0	1	0	0	0	0	0	0	0	0	0	0
82	0	30	11	rush_evening	'233', '135'	0	1	1	2015-11-30 18:30:19	233	671395851244179456	135671757356204617729	1	0	1	0	0	0	0	0	0	0	0	0	0
83	0	30	11	rush_evening	'233', '135'	0	0	1	2015-11-30 18:30:19	135	671395851244179456	227671713520472350721	1	0	0	0	0	0	0	0	1	0	0	0	0
84	0	30	11	rush_evening	'135', ''	0	0	1	2015-11-30 18:06:26	135	671389838826856448	233671395851244179456	1	1	0	0	0	0	1	0	0	0	0	0	0
85	0	30	11	rush_evening	'233'	0	1	1	2015-11-30 17:59:42	233	671388146332864512	135671395851244179456	1	1	0	0	0	0	0	0	0	0	0	0	0
86	2	25	11	error	'151'	0	0	1	2015-11-25 22:13:52	151	669640169469796352	135671389838826856448	0	0	0	0	0	0	0	0	0	0	0	0	0
87	2	25	11	rush_evening	'135'	0	0	1	2015-11-25 18:16:55	135	669580540907917312	233671388146332864512	1	0	0	1	0	0	0	0	0	0	0	0	0
88	1	24	11	error	'274'	0	1	0	2015-11-24 03:16:04	274	668991444787458048	151669640169469796352	1	0	1	0	0	0	0	0	0	0	0	0	0
89	1	24	11	error	'274'	0	1	0	2015-11-24 02:35:57	274	668981350980972544	135669580540907917312	1	0	1	0	0	0	0	0	0	0	1	1	0
90	1	24	11	error	'274'	0	1	0	2015-11-24 02:14:33	274	668975965377159168	274668991444787458048	1	0	0	0	0	0	0	0	0	0	0	0	0
91	0	23	11	error	'155'	0	0	1	2015-11-23 22:57:18	155	668926324073824256	274668981350980972544	0	0	0	0	0	0	0	1	0	0	0	0	0
92	0	23	11	error	'155'	0	0	1	2015-11-23 22:52:07	155	668925018450075650	274668975965377159168	1	0	0	0	0	0	0	0	0	0	1	0	0
93	1	17	11	error	'283'	0	1	1	2015-11-17 03:16:12	283	666454763223953408	155668926324073824256	1	0	1	0	0	0	0	0	0	0	0	0	0
94	1	17	11	error	'279'	0	1	1	2015-11-17 03:11:19	279	666453536776024064	155668925018450075650	1	1	0	0	0	0	0	0	0	0	0	0	0
95	1	17	11	error	'277'	0	1	1	2015-11-17 02:59:35	277	666450581255405568	283666454763223953408	0	0	0	0	0	0	0	0	0	0	0	0	0
96	1	17	11	error	'262'	0	1	0	2015-11-17 02:32:26	262	666443747782103041	279666453536776024064	0	0	0	0	0	0	0	0	0	0	0	0	0
97	1	17	11	error	'375'	1	0	1	2015-11-17 01:37:40	375	666429968130273280	277666450581255405568	0	0	0	0	0	0	0	0	0	0	0	0	0
98	1	17	11	error	'371'	1	0	1	2015-11-17 01:11:14	371	666423313451761665	262666443747782103041	0	0	0	0	0	0	0	0	0	0	0	0	0
99	0	16	11	error	'254'	0	1	0	2015-11-16 23:27:20	254	666397169365061632	375666429968130273280	1	0	0	0	0	0	0	0	1	1	0	0	0
100	4	13	11	error	'151'	0	0	1	2015-11-13 22:18:32	151	665292687944192000	371666423313451761665	1	0	0	0	0	0	0	0	1	1	0	0	0
101	3	12	11	error	'146', '147'	0	0	0	2015-11-12 21:03:14	146	664911353346330624	254666397169365061632	1	1	0	0	0	0	0	0	0	0	0	0	0
102	3	12	11	error	'146', '147'	0	0	1	2015-11-12 21:03:14	147	664911353346330624	151665292687944192000	1	1	0	0	0	0	0	0	0	0	0	0	0
103	3	12	11	error	'147', '146'	0	0	1	2015-11-12 20:59:21	147	664910374064381952	146664911353346330624	1	0	0	0	1	1	0	0	0	0	0	0	0
104	3	12	11	error	'147', '146'	0	0	0	2015-11-12 20:59:21	146	664910374064381952	147664911353346330624	1	0	0	1	0	1	0	0	0	0	0	0	0
105	3	12	11	error	'146', '147', ''	0	0	0	2015-11-12 20:55:19	146	664909358292078592	147664910374064381952	1	0	0	0	0	0	0	0	0	0	0	0	0
106	3	12	11	error	'146', '147', ''	0	0	1	2015-11-12 20:55:19	147	664909358292078592	146664910374064381952	1	0	0	0	0	0	0	0	0	0	0	0	0
107	2	11	11	error	'268'	0	1	0	2015-11-11 02:07:09	268	664263059184091136	146664909358292078592	1	0	0	1	0	0	0	0	0	0	0	0	0
108	2	11	11	error	'264'	0	1	0	2015-11-11 01:55:54	264	664260229245243392	147664909358292078592	1	0	0	1	0	0	0	0	0	0	0	0	0
109	1	10	11	error	'254', '155'	0	1	0	2015-11-10 23:40:34	254	664226169726722048	268664263059184091136	1	0	1	0	0	1	0	0	0	0	0	0	0
110	1	10	11	error	'254', '155'	0	0	1	2015-11-10 23:40:34	155	664226169726722048	264664260229245243392	1	0	1	0	0	0	0	0	0	0	1	0	0
111	1	10	11	error	'155'	0	0	1	2015-11-10 23:15:01	155	664219740315893760	254664226169726722048	1	0	1	0	0	0	0	0	0	0	0	0	0
112	1	10	11	error	'155'	0	0	1	2015-11-10 22:41:21	155	664211266580320256	155664226169726722048	1	0	1	0	0	0	0	0	0	0	0	0	0
113	0	9	11	error	'146'	0	0	0	2015-11-09 20:21:06	146	663813585383002112	155664219740315893760	1	0	1	0	0	0	0	0	0	0	0	0	0
114	4	6	11	rush_evening	'139'	0	0	1	2015-11-06 19:02:34	139	662706656657014784	155664211266580320256	1	0	1	0	0	0	0	0	0	0	1	0	0
115	3	5	11	error	'154'	0	0	0	2015-11-05 23:29:23	154	662411418289860608	146663813585383002112	1	1	0	0	0	0	0	0	0	0	0	0	0
116	2	4	11	error	'254'	0	1	0	2015-11-04 23:29:01	254	662048934982905856	139662706656657014784	1	1	0	0	0	0	0	0	0	0	1	0	0
117	2	4	11	error	'151'	0	0	1	2015-11-04 22:46:31	151	662038242301112321	154662411418289860608	1	1	0	0	0	0	0	0	0	0	0	0	0
118	2	4	11	error	'278'	0	1	0	2015-11-04 02:31:18	278	661732421818126337	254662048934982905856	1	1	0	0	0	0	0	0	0	0	0	0	0
119	1	3	11	rush_evening	'332'	1	0	0	2015-11-03 18:03:28	332	661604623111753728	151662038242301112321	1	1	0	0	0	0	0	0	0	0	0	0	0
120	0	2	11	error	'146'	0	0	0	2015-11-02 21:13:06	146	661289955189223429	278661732421818126337	1	0	1	0	0	0	0	0	0	0	0	1	0
121	0	2	11	error	'146'	0	0	0	2015-11-02 20:58:47	146	661286355511717888	332661604623111753728	1	1	0	0	0	0	0	0	0	0	1	0	0
122	0	2	11	rush_evening	'135'	0	0	1	2015-11-02 18:10:44	135	661244063576788992	146661289955189223429	1	0	1	0	0	0	0	0	0	0	0	0	0
123	0	2	11	rush_evening	'135'	0	0	1	2015-11-02 17:55:35	135	661240249868161028	146661286355511717888	1	0	0	0	0	0	0	0	1	0	0	0	0
124	0	2	11	rush_evening	'135'	0	0	1	2015-11-02 17:42:40	135	661236997864845312	135661244063576788992	1	0	0	1	0	0	0	0	0	0	0	0	0
125	4	30	10	error	'152'	0	0	0	2015-10-30 22:39:40	152	660224578250108928	135661240249868161028	0	0	0	0	0	0	0	0	0	0	0	0	0
126	2	28	10	error	'267'	0	1	1	2015-10-28 00:26:53	267	659164398548684801	135661236997864845312	1	0	1	0	0	0	0	0	0	0	1	0	0
127	1	27	10	error	'254'	0	1	0	2015-10-27 22:54:43	254	659141201694605312	152660224578250108928	1	1	0	0	0	0	0	0	0	0	0	0	0
128	1	27	10	error	'155'	0	0	1	2015-10-27 22:22:56	155	659133205547630592	267659164398548684801	1	1	0	0	0	0	0	0	0	0	0	0	0
129	1	27	10	rush_evening	'233', '155'	0	1	1	2015-10-27 16:51:24	233	659049770313494528	254659141201694605312	1	0	1	0	0	0	0	0	0	0	0	0	0
130	1	27	10	rush_evening	'233', '155'	0	0	1	2015-10-27 16:51:24	155	659049770313494528	155659133205547630592	1	0	1	0	0	0	0	0	0	0	0	0	0
131	4	23	10	error	'151'	0	0	1	2015-10-23 21:28:36	151	657669978729095168	233659049770313494528	0	0	0	0	0	0	0	0	0	0	0	0	0
132	4	23	10	error	'385'	1	0	1	2015-10-23 02:09:44	385	657378338906832896	155659049770313494528	0	0	0	0	0	0	0	0	0	0	0	0	0
133	4	23	10	error	'284'	0	1	0	2015-10-23 02:04:16	284	657376963661799424	151657669978729095168	1	1	0	0	0	0	0	0	0	0	0	0	0
134	4	23	10	error	'284'	0	1	0	2015-10-23 01:42:15	284	657371422122074112	385657378338906832896	1	1	0	0	0	0	0	0	0	0	0	0	0
135	3	22	10	error	'254'	0	1	0	2015-10-22 23:01:00	254	657330843380260866	284657376963661799424	1	1	0	0	0	0	0	0	0	0	0	0	0
136	3	22	10	error	'152'	0	0	0	2015-10-22 22:40:14	152	657325618820960261	284657371422122074112	1	0	0	0	0	0	0	1	0	0	0	0	0
137	1	20	10	rush_evening	'143'	0	0	1	2015-10-20 19:01:56	143	656545904783060992	254657330843380260866	1	0	1	0	0	0	0	0	0	0	0	0	0
138	4	16	10	error	'156'	0	0	0	2015-10-16 23:51:49	156	655169307115057152	152657325618820960261	1	0	1	0	0	0	0	0	0	0	0	0	0
139	4	16	10	error	'150'	0	0	0	2015-10-16 21:43:50	150	655137099138527232	143656545904783060992	1	0	1	0	0	0	0	0	0	0	0	0	0
140	4	16	10	error	'151'	0	0	1	2015-10-16 21:16:39	151	655130257775722496	156655169307115057152	1	0	1	0	0	0	0	0	0	0	0	0	0
141	3	15	10	error	'267'	0	1	1	2015-10-15 23:48:39	267	654806122470047744	150655137099138527232	1	1	0	0	0	0	0	0	0	0	0	0	0
142	3	15	10	error	'365'	1	0	1	2015-10-15 23:42:08	365	654804479577993216	151655130257775722496	1	0	1	0	0	0	0	0	0	0	0	1	0
143	3	15	10	error	'254'	0	1	0	2015-10-15 22:07:11	254	654780583520813056	267654806122470047744	1	0	1	0	0	0	0	0	0	0	1	0	0
144	3	15	10	error	'151'	0	0	1	2015-10-15 21:51:28	151	654776629449723905	365654804479577993216	1	0	1	0	0	0	0	0	0	0	0	0	0
145	3	15	10	error	'381', '380', '282'	1	0	1	2015-10-15 01:52:31	381	654474906319482880	254654780583520813056	1	0	1	0	0	0	0	0	0	0	0	0	0
146	3	15	10	error	'381', '380', '282'	1	0	0	2015-10-15 01:52:31	380	654474906319482880	151654776629449723905	1	0	1	0	0	0	0	0	0	0	0	0	0
147	3	15	10	error	'381', '380', '282'	0	1	0	2015-10-15 01:52:31	282	654474906319482880	381654474906319482880	1	0	0	0	0	0	0	1	0	0	0	0	0
148	3	15	10	error	'277'	0	1	1	2015-10-15 01:28:30	277	654468861345968128	380654474906319482880	1	0	0	0	0	0	0	1	0	0	0	0	0
149	3	15	10	error	'273'	0	1	1	2015-10-15 01:18:39	273	654466381241454592	282654474906319482880	1	0	0	0	0	0	0	1	0	0	0	0	0
150	2	14	10	error	'257'	0	1	1	2015-10-14 22:34:53	257	654425167519612928	277654468861345968128	1	0	0	0	0	0	0	1	0	0	0	0	0
151	2	14	10	error	'151', ''	0	0	1	2015-10-14 21:28:51	151	654408552912547840	273654466381241454592	1	0	1	0	0	0	0	0	0	0	1	0	0
152	2	14	10	error	'274'	0	1	0	2015-10-14 02:14:26	274	654118034093662210	257654425167519612928	1	1	0	0	0	0	0	0	0	0	0	1	0
153	2	14	10	error	'274'	0	1	0	2015-10-14 01:48:33	274	654111516560527360	151654408552912547840	1	1	0	0	0	0	0	0	0	0	0	0	0
154	2	14	10	error	'278', '380'	0	1	0	2015-10-14 01:17:28	278	654103695093686276	274654118034093662210	1	0	0	0	0	0	0	0	0	0	0	0	0
155	2	14	10	error	'278', '380'	1	0	0	2015-10-14 01:17:28	380	654103695093686276	274654111516560527360	1	0	0	0	0	0	0	0	0	0	0	0	0
156	2	14	10	error	'385', '287'	1	0	1	2015-10-14 00:54:45	385	654097977678557184	278654103695093686276	1	0	0	0	1	0	0	0	0	0	0	0	0
157	2	14	10	error	'385', '287'	0	1	1	2015-10-14 00:54:45	287	654097977678557184	262654103695093686276	1	0	0	0	1	0	0	0	0	0	0	0	0
158	2	14	10	error	'274'	0	1	0	2015-10-14 00:22:21	274	654089827072081920	366654103695093686276	1	0	0	0	1	0	0	0	0	0	0	0	0
159	1	13	10	error	'268'	0	1	0	2015-10-13 23:57:14	268	654083503429017600	264654103695093686276	1	0	0	0	1	0	0	0	0	0	0	0	0
160	1	13	10	error	'261'	0	1	1	2015-10-13 23:43:53	261	654080145825796097	380654103695093686276	1	0	0	0	1	0	0	0	0	0	0	0	0
161	1	13	10	error	'254', ''	0	1	0	2015-10-13 22:04:40	254	654055177708695553	385654097977678557184	0	0	0	0	0	0	1	0	0	0	0	0	0
162	1	13	10	rush_evening	'134'	0	0	0	2015-10-13 17:41:24	134	653988922138095616	287654097977678557184	0	0	0	0	0	0	1	0	0	0	0	0	0
163	0	12	10	rush_evening	'324'	1	0	0	2015-10-12 16:26:47	324	653607755639451648	274654089827072081920	0	0	0	0	0	0	0	0	0	0	0	0	0
164	0	12	10	rush_evening	'324', '226'	1	0	0	2015-10-12 16:10:11	324	653603579136118784	268654083503429017600	1	0	0	0	0	0	1	0	0	0	0	0	0
165	0	12	10	rush_evening	'324', '226'	0	1	0	2015-10-12 16:10:11	226	653603579136118784	261654080145825796097	1	0	0	0	0	0	0	0	1	0	0	0	0
166	0	12	10	workday	'324'	1	0	0	2015-10-12 15:59:24	324	653600865522094082	254654055177708695553	1	1	0	0	0	0	0	0	0	0	0	0	0
167	0	12	10	workday	'324'	1	0	0	2015-10-12 15:55:28	324	653599875326603264	134653988922138095616	1	0	1	0	0	0	0	0	0	0	0	0	0
168	5	10	10	rush_evening	'423'	0	0	1	2015-10-10 16:37:18	423	652885627390656512	324653607755639451648	1	0	0	0	0	0	1	0	0	0	0	0	0
169	5	10	10	rush_evening	'423'	0	0	1	2015-10-10 16:06:44	423	652877934517063680	324653603579136118784	0	0	0	0	0	0	0	0	0	0	0	0	0
170	5	10	10	workday	'423', '425'	0	0	1	2015-10-10 15:46:07	423	652872745819111424	226653603579136118784	0	0	0	0	0	0	0	0	0	0	0	0	0
171	5	10	10	workday	'423', '425'	0	0	1	2015-10-10 15:46:07	425	652872745819111424	324653600865522094082	0	0	0	0	0	0	0	0	0	0	0	0	0
172	5	10	10	workday	'423'	0	0	1	2015-10-10 15:19:10	423	652865965898657792	324653599875326603264	1	0	0	0	0	0	0	0	0	0	1	0	0
173	4	9	10	error	'254'	0	1	0	2015-10-09 22:35:11	254	652613306692210688	423652885627390656512	1	0	0	0	0	0	1	0	0	0	0	0	0
174	4	9	10	rush_evening	'138'	0	0	0	2015-10-09 18:26:56	138	652550831330344961	423652877934517063680	0	0	0	0	0	0	0	0	0	0	0	0	0
175	4	9	10	rush_evening	'138'	0	0	0	2015-10-09 17:25:29	138	652535366927290368	423652872745819111424	0	0	0	0	0	0	0	0	0	0	0	0	0
176	4	9	10	error	'156'	0	0	0	2015-10-09 00:05:19	156	652273598980222976	425652872745819111424	0	0	0	0	0	0	0	0	0	0	0	0	0
177	3	8	10	error	'156'	0	0	0	2015-10-08 23:59:19	156	652272089278230528	423652865965898657792	1	0	0	0	0	0	0	0	1	0	0	0	0
178	3	8	10	error	'152'	0	0	0	2015-10-08 22:36:17	152	652251191867478017	254652613306692210688	1	1	0	0	0	0	0	0	0	0	0	0	0
179	3	8	10	rush_evening	'135'	0	0	1	2015-10-08 16:45:33	135	652162926875246593	138652550831330344961	1	0	1	0	0	0	0	0	0	0	0	0	0
180	3	8	10	rush_morning	'199'	0	0	1	2015-10-08 07:02:01	199	652016077006737408	138652535366927290368	1	1	0	0	0	0	0	0	0	0	1	0	0
181	3	8	10	error	'197', ''	0	0	1	2015-10-08 06:58:03	197	652015079878078464	156652273598980222976	1	0	1	0	0	0	0	0	0	0	1	0	0
182	3	8	10	error	'198'	0	0	0	2015-10-08 06:55:34	198	652014454775803904	156652272089278230528	1	0	0	0	0	0	0	0	0	0	1	0	0
183	3	8	10	error	'197'	0	0	1	2015-10-08 06:46:40	197	652012213155160064	152652251191867478017	1	1	0	0	0	0	0	0	0	0	0	1	0
184	3	8	10	error	'197'	0	0	1	2015-10-08 06:33:34	197	652008918722285569	135652162926875246593	0	0	0	0	0	0	0	0	0	0	0	0	0
185	3	8	10	error	'197'	0	0	1	2015-10-08 06:23:05	197	652006281885040640	199652016077006737408	0	0	0	0	0	0	0	0	0	0	0	0	0
186	3	8	10	error	'196'	0	0	0	2015-10-08 06:19:15	196	652005313453801472	197652015079878078464	1	0	0	0	1	0	0	0	0	0	0	0	0
187	3	8	10	error	'197'	0	0	1	2015-10-08 06:12:18	197	652003565947367424	198652014454775803904	0	0	0	0	0	0	0	0	0	0	0	0	0
188	3	8	10	error	'197'	0	0	1	2015-10-08 05:45:14	197	651996755311988736	197652012213155160064	0	0	0	0	0	0	0	0	0	0	0	0	0
189	2	7	10	error	'262'	0	1	0	2015-10-07 23:34:15	262	651903395188604928	197652008918722285569	1	0	0	0	0	0	0	0	1	0	1	0	0
190	2	7	10	error	'155'	0	0	1	2015-10-07 22:24:51	155	651885926721818624	197652006281885040640	-	0	0	0	0	0	0	0	0	0	0	0	0
191	2	7	10	error	'151'	0	0	1	2015-10-07 21:15:29	151	651868473686028288	196652005313453801472	1	1	0	0	0	0	0	0	1	0	0	0	0
192	2	7	10	rush_evening	'135', '155'	0	0	1	2015-10-07 16:53:22	135	651802509825175553	197652003565947367424	1	0	0	0	0	0	0	0	1	0	0	0	0
193	2	7	10	rush_evening	'135', '155'	0	0	1	2015-10-07 16:53:22	155	651802509825175553	197651996755311988736	1	0	0	0	0	0	0	0	1	0	0	0	0
194	2	7	10	error	'190', '193'	0	0	0	2015-10-07 04:27:32	190	651614812112220160	262651903395188604928	0	0	0	0	0	0	0	0	0	0	0	0	0
195	2	7	10	error	'190', '193'	0	0	1	2015-10-07 04:27:32	193	651614812112220160	155651885926721818624	1	0	1	0	0	0	0	0	0	1	0	0	0
196	2	7	10	error	'192', '195'	0	0	0	2015-10-07 03:59:07	192	651607663621464064	151651868473686028288	1	1	0	0	0	0	0	0	0	0	0	1	0
197	2	7	10	error	'192', '195'	0	0	1	2015-10-07 03:59:07	195	651607663621464064	135651802509825175553	0	0	0	0	0	0	0	0	0	0	0	0	0
198	2	7	10	error	'191'	0	0	1	2015-10-07 03:45:01	191	651604113449324544	155651802509825175553	0	0	0	0	0	0	0	0	0	0	0	0	0
199	2	7	10	error	'191'	0	0	1	2015-10-07 03:29:49	191	651600289020051456	190651614812112220160	1	0	0	0	1	1	0	0	0	0	0	1	0
200	2	7	10	error	'190', ''	0	0	0	2015-10-07 03:16:37	190	651596965776486406	193651614812112220160	1	0	0	1	0	1	0	0	0	0	0	1	0
201	2	7	10	error	'284'	0	1	0	2015-10-07 03:08:57	284	651595035083849728	192651607663621464064	0	0	0	0	0	0	0	0	0	0	0	0	0
202	2	7	10	error	'287'	0	1	1	2015-10-07 03:04:16	287	651593856228560896	195651607663621464064	0	0	0	0	0	0	0	0	0	0	0	0	0
203	2	7	10	error	'284'	0	1	0	2015-10-07 03:00:34	284	651592925302820865	191651604113449324544	1	0	1	0	0	0	0	0	0	0	0	0	0
204	2	7	10	error	'284'	0	1	0	2015-10-07 02:59:48	284	651592734721990656	191651600289020051456	1	0	1	0	0	0	0	0	0	0	0	0	0
205	2	7	10	error	'284', '288', '287', '385'	0	1	0	2015-10-07 02:36:10	284	651586788620808192	190651596965776486406	0	0	0	0	0	0	0	0	0	0	0	0	0
206	2	7	10	error	'284', '288', '287', '385'	0	1	0	2015-10-07 02:36:10	288	651586788620808192	284651595035083849728	0	0	0	0	0	0	0	0	0	0	0	0	0
207	2	7	10	error	'284', '288', '287', '385'	0	1	1	2015-10-07 02:36:10	287	651586788620808192	287651593856228560896	0	0	0	0	0	0	0	0	0	0	0	0	0
208	2	7	10	error	'284', '288', '287', '385'	1	0	1	2015-10-07 02:36:10	385	651586788620808192	284651592925302820865	1	0	0	0	0	0	0	0	0	0	0	0	0
209	2	7	10	error	'284'	0	1	0	2015-10-07 02:33:25	284	651586095717617665	284651592734721990656	0	0	0	0	0	0	0	0	0	0	0	0	0
210	2	7	10	error	'284'	0	1	0	2015-10-07 02:08:58	284	651579941780193281	284651586788620808192	1	0	0	0	0	0	0	0	0	0	0	0	0
211	2	7	10	error	'273'	0	1	1	2015-10-07 00:58:30	273	651562206006382593	288651586788620808192	1	0	0	0	0	0	0	0	0	0	0	0	0
212	2	7	10	error	'273'	0	1	1	2015-10-07 00:38:34	273	651557191837618176	287651586788620808192	1	0	0	0	0	0	0	0	0	0	0	0	0
213	2	7	10	error	'273'	0	1	1	2015-10-07 00:30:04	273	651555054609018880	385651586788620808192	1	0	0	0	0	0	0	0	0	0	0	0	0
214	1	6	10	error	'360'	1	0	0	2015-10-06 23:56:43	360	651546661106286594	284651586095717617665	1	0	0	0	1	0	0	0	1	0	0	0	0
215	1	6	10	rush_evening	'233'	0	1	1	2015-10-06 16:57:00	233	651441034711330816	284651579941780193281	1	0	0	0	1	0	0	0	1	0	0	0	0
216	4	2	10	error	'272'	0	1	0	2015-10-02 00:57:50	272	649750101221490688	273651562206006382593	1	0	1	0	0	0	0	0	0	0	1	0	0
217	4	2	10	error	'272'	0	1	0	2015-10-02 00:50:48	272	649748332068233217	273651557191837618176	1	0	1	0	0	0	0	0	0	0	1	0	0
218	4	2	10	error	'375'	1	0	1	2015-10-02 00:49:13	375	649747930870484992	273651555054609018880	1	1	0	0	0	0	0	0	0	0	0	0	0
219	4	2	10	error	'274'	0	1	0	2015-10-02 00:39:49	274	649745568105787392	360651546661106286594	0	0	0	0	0	0	0	0	0	0	0	0	0
220	4	2	10	error	'277', '375'	0	1	1	2015-10-02 00:35:36	277	649744506707775489	233651441034711330816	1	0	1	0	0	0	0	0	0	0	0	0	0
221	4	2	10	error	'277', '375'	1	0	1	2015-10-02 00:35:36	375	649744506707775489	272649750101221490688	0	0	0	0	0	0	0	0	0	0	0	0	0
222	4	2	10	error	'272'	0	1	0	2015-10-02 00:06:23	272	649737154260692992	272649748332068233217	1	1	0	0	0	0	0	0	0	0	0	0	0
223	3	1	10	error	'159'	0	0	1	2015-10-01 23:58:37	159	649735197408129024	375649747930870484992	1	0	0	1	0	0	0	0	0	0	1	0	0
224	3	1	10	error	'360'	1	0	0	2015-10-01 23:56:25	360	649734646515658753	274649745568105787392	1	0	0	1	0	0	0	0	0	0	0	0	0
225	3	1	10	error	'159'	0	0	1	2015-10-01 23:41:28	159	649730884631789569	277649744506707775489	1	0	0	0	0	0	0	1	0	0	1	0	0
226	3	1	10	error	'360', '262', ''	1	0	0	2015-10-01 23:36:24	360	649729608636469249	375649744506707775489	1	0	0	0	0	0	0	1	0	0	1	0	0
227	3	1	10	error	'360', '262', ''	1	0	0	2015-10-01 23:36:24	360	649729608636469249	272649737154260692992	0	0	0	0	0	0	0	0	0	0	0	0	0
228	3	1	10	error	'360', '262', ''	0	1	0	2015-10-01 23:36:24	262	649729608636469249	159649735197408129024	0	0	0	0	0	0	0	0	0	0	0	0	0
229	3	1	10	error	'360', '262', ''	0	1	0	2015-10-01 23:36:24	262	649729608636469249	360649734646515658753	1	0	0	0	0	0	0	0	0	0	0	0	0
230	3	1	10	error	'360', '262', ''	1	0	0	2015-10-01 23:36:24	360	649729608636469249	159649730884631789569	1	0	0	0	0	0	0	0	1	0	0	0	0
231	3	1	10	error	'360', '262', ''	1	0	0	2015-10-01 23:36:24	360	649729608636469249	360649729608636469249	1	0	0	0	0	1	0	0	0	0	0	0	0
232	3	1	10	error	'360', '262', ''	1	0	0	2015-10-01 23:36:24	360	649729608636469249	360649729608636469249	1	0	0	0	0	1	0	0	0	0	0	0	0
233	3	1	10	error	'360', '262', ''	1	0	0	2015-10-01 23:36:24	360	649729608636469249	360649729608636469249	1	0	0	0	0	1	0	0	0	0	0	0	0
234	3	1	10	error	'360', '262', ''	1	0	0	2015-10-01 23:36:24	360	649729608636469249	360649729608636469249	1	0	0	0	0	1	0	0	0	0	0	0	0
235	3	1	10	error	'360', '262', ''	0	1	0	2015-10-01 23:36:24	262	649729608636469249	360649729608636469249	1	0	0	0	0	1	0	0	0	0	0	0	0
236	3	1	10	error	'360', '262', ''	0	1	0	2015-10-01 23:36:24	262	649729608636469249	360649729608636469249	1	0	0	0	0	1	0	0	0	0	0	0	0
237	3	1	10	error	'360', '262', ''	0	1	0	2015-10-01 23:36:24	262	649729608636469249	360649729608636469249	1	0	0	0	0	1	0	0	0	0	0	0	0
238	3	1	10	error	'360', '262', ''	0	1	0	2015-10-01 23:36:24	262	649729608636469249	360649729608636469249	1	0	0	0	0	1	0	0	0	0	0	0	0
239	3	1	10	error	'147'	0	0	1	2015-10-01 20:18:45	147	649679868867710976	360649729608636469249	1	0	0	0	0	1	0	0	0	0	0	0	0
240	3	1	10	error	'147'	0	0	1	2015-10-01 20:18:45	147	649679868867710976	360649729608636469249	1	0	0	0	0	1	0	0	0	0	0	0	0
241	3	1	10	error	'147'	0	0	1	2015-10-01 20:18:45	147	649679868867710976	360649729608636469249	1	0	0	0	0	1	0	0	0	0	0	0	0
242	3	1	10	error	'147'	0	0	1	2015-10-01 20:18:45	147	649679868867710976	360649729608636469249	1	0	0	0	0	1	0	0	0	0	0	0	0
243	3	1	10	rush_evening	'143'	0	0	1	2015-10-01 19:25:36	143	649666491281870848	360649729608636469249	1	0	0	0	0	1	0	0	0	0	0	0	0
244	3	1	10	rush_evening	'143'	0	0	1	2015-10-01 19:25:36	143	649666491281870848	360649729608636469249	1	0	0	0	0	1	0	0	0	0	0	0	0
245	3	1	10	rush_evening	'143'	0	0	1	2015-10-01 19:25:36	143	649666491281870848	360649729608636469249	1	0	0	0	0	1	0	0	0	0	0	0	0
246	3	1	10	rush_evening	'143'	0	0	1	2015-10-01 19:25:36	143	649666491281870848	360649729608636469249	1	0	0	0	0	1	0	0	0	0	0	0	0
247	3	1	10	error	'360', '262', ''	0	1	0	2015-10-01 23:36:24	262	649729608636469249	262649729608636469249	1	0	0	0	0	1	0	0	0	0	0	0	0
248	3	1	10	error	'360', '262', ''	0	1	0	2015-10-01 23:36:24	262	649729608636469249	262649729608636469249	1	0	0	0	0	1	0	0	0	0	0	0	0
249	3	1	10	error	'360', '262', ''	0	1	0	2015-10-01 23:36:24	262	649729608636469249	262649729608636469249	1	0	0	0	0	1	0	0	0	0	0	0	0
250	3	1	10	error	'360', '262', ''	0	1	0	2015-10-01 23:36:24	262	649729608636469249	262649729608636469249	1	0	0	0	0	1	0	0	0	0	0	0	0
251	3	1	10	error	'159'	0	0	1	2015-10-01 23:25:58	159	649726981399965696	262649729608636469249	1	0	0	0	0	1	0	0	0	0	0	0	0
252	3	1	10	error	'159'	0	0	1	2015-10-01 23:25:58	159	649726981399965696	262649729608636469249	1	0	0	0	0	1	0	0	0	0	0	0	0
253	3	1	10	error	'159'	0	0	1	2015-10-01 23:25:58	159	649726981399965696	262649729608636469249	1	0	0	0	0	1	0	0	0	0	0	0	0
254	3	1	10	error	'159'	0	0	1	2015-10-01 23:25:58	159	649726981399965696	262649729608636469249	1	0	0	0	0	1	0	0	0	0	0	0	0
255	3	1	10	rush_evening	'237', ''	0	1	1	2015-10-01 17:15:51	237	649633839543791616	262649729608636469249	1	0	0	0	0	1	0	0	0	0	0	0	0
256	3	1	10	rush_evening	'237', ''	0	1	1	2015-10-01 17:15:51	237	649633839543791616	262649729608636469249	1	0	0	0	0	1	0	0	0	0	0	0	0
257	3	1	10	rush_evening	'237', ''	0	1	1	2015-10-01 17:15:51	237	649633839543791616	262649729608636469249	1	0	0	0	0	1	0	0	0	0	0	0	0
258	3	1	10	rush_evening	'237', ''	0	1	1	2015-10-01 17:15:51	237	649633839543791616	262649729608636469249	1	0	0	0	0	1	0	0	0	0	0	0	0
259	3	1	10	rush_evening	'233'	0	1	1	2015-10-01 17:02:33	233	649630493890121729	262649729608636469249	1	0	0	0	0	1	0	0	0	0	0	0	0
260	3	1	10	rush_evening	'233'	0	1	1	2015-10-01 17:02:33	233	649630493890121729	262649729608636469249	1	0	0	0	0	1	0	0	0	0	0	0	0
261	3	1	10	rush_evening	'233'	0	1	1	2015-10-01 17:02:33	233	649630493890121729	262649729608636469249	1	0	0	0	0	1	0	0	0	0	0	0	0
262	3	1	10	rush_evening	'233'	0	1	1	2015-10-01 17:02:33	233	649630493890121729	262649729608636469249	1	0	0	0	0	1	0	0	0	0	0	0	0
263	3	1	10	rush_evening	'233'	0	1	1	2015-10-01 16:42:55	233	649625550919626752	159649726981399965696	1	0	0	0	0	0	0	0	1	0	0	0	0
264	3	1	10	workday	'323'	1	0	1	2015-10-01 15:57:28	323	649614113706905600	147649679868867710976	1	1	0	0	0	0	0	0	0	0	1	0	0
265	2	30	9	error	'156', ''	0	0	0	2015-09-30 21:52:48	156	649341147899404288	143649666491281870848	1	0	1	0	0	0	0	0	0	0	0	0	0
266	2	30	9	error	'146'	0	0	0	2015-09-30 20:05:31	146	649314150598881280	237649633839543791616	0	0	0	0	0	0	0	0	0	0	0	0	0
267	2	30	9	rush_evening	'135'	0	0	1	2015-09-30 17:06:22	135	649269064154660864	233649630493890121729	1	1	0	0	0	0	0	0	0	0	0	1	0
268	2	30	9	rush_evening	'233'	0	1	1	2015-09-30 16:54:05	233	649265974940684288	233649625550919626752	0	0	0	0	0	0	0	0	0	0	0	0	0
269	2	30	9	error	'376'	1	0	0	2015-09-30 01:49:38	376	649038360854421504	323649614113706905600	1	0	1	0	0	0	0	0	0	1	0	0	0
270	2	30	9	error	'277'	0	1	1	2015-09-30 01:42:16	277	649036507177619456	156649341147899404288	0	0	0	0	0	0	0	0	0	0	0	0	0
271	2	30	9	error	'375'	1	0	1	2015-09-30 01:39:59	375	649035931572285440	146649314150598881280	1	0	1	0	0	0	0	0	0	0	0	0	0
272	1	29	9	error	'365'	1	0	1	2015-09-29 23:54:49	365	649009468013842432	135649269064154660864	1	1	0	0	0	0	0	0	0	0	0	0	0
273	0	28	9	rush_evening	'135'	0	0	1	2015-09-28 17:16:08	135	648546745631137792	233649265974940684288	1	1	0	0	0	0	0	0	0	0	0	0	0
274	5	26	9	error	'371'	1	0	1	2015-09-26 05:56:02	371	647650819240624129	376649038360854421504	1	1	0	0	0	0	0	0	0	0	0	0	0
275	5	26	9	error	'193'	0	0	1	2015-09-26 03:17:30	193	647610922622578690	277649036507177619456	1	0	1	0	0	0	0	0	0	0	0	0	1
276	5	26	9	error	'283'	0	1	1	2015-09-26 02:55:39	283	647605423852253184	375649035931572285440	1	0	1	0	0	0	0	0	0	1	0	1	0
277	5	26	9	error	'274'	0	1	0	2015-09-26 02:55:18	274	647605335100755968	365649009468013842432	0	0	0	0	0	0	0	0	0	0	0	0	0
278	5	26	9	error	'274'	0	1	0	2015-09-26 02:52:51	274	647604719343415297	135648546745631137792	1	0	1	0	0	0	0	0	0	0	0	1	0
279	5	26	9	error	'269'	0	1	1	2015-09-26 02:30:18	269	647599045595103232	371647650819240624129	0	0	0	0	0	0	0	0	0	0	0	0	0
280	5	26	9	error	'317'	1	0	1	2015-09-26 00:40:23	317	647571383325581312	193647610922622578690	1	0	0	0	1	0	0	0	0	0	0	0	0
281	5	26	9	error	'371'	1	0	1	2015-09-26 00:36:23	371	647570375048495104	283647605423852253184	0	0	0	0	0	0	0	0	0	0	0	0	0
282	4	25	9	error	'261'	0	1	1	2015-09-25 23:33:43	261	647554606940028932	274647605335100755968	0	0	0	0	0	0	0	0	0	0	0	0	0
283	4	25	9	error	'151'	0	0	1	2015-09-25 21:28:33	151	647523107528249344	274647604719343415297	0	0	0	0	0	0	0	0	0	0	0	0	0
284	4	25	9	rush_evening	'135'	0	0	1	2015-09-25 16:54:08	135	647454046240923648	269647599045595103232	0	0	0	0	0	0	0	0	0	0	0	0	0
285	4	25	9	rush_evening	'231'	0	1	1	2015-09-25 16:27:18	231	647447295722582017	317647571383325581312	1	0	0	0	0	0	0	0	1	0	0	0	0
286	4	25	9	workday	'231', '322'	0	1	1	2015-09-25 15:56:12	231	647439467356098560	371647570375048495104	1	0	0	0	0	0	0	0	1	0	0	0	0
287	4	25	9	workday	'231', '322'	1	0	0	2015-09-25 15:56:12	322	647439467356098560	261647554606940028932	0	0	0	0	0	0	0	0	0	0	0	0	0
288	4	25	9	workday	'231'	0	1	1	2015-09-25 15:50:53	231	647438131247976448	151647523107528249344	1	1	0	0	0	0	0	0	0	0	0	0	0
289	3	24	9	error	'150'	0	0	0	2015-09-24 20:53:49	150	647151976166199297	135647454046240923648	0	0	0	0	0	0	0	0	0	0	0	0	0
290	3	24	9	error	'146'	0	0	0	2015-09-24 20:15:29	146	647142329044746240	231647447295722582017	1	0	1	0	0	0	0	0	0	0	0	1	0
291	3	24	9	rush_evening	'135'	0	0	1	2015-09-24 16:45:04	135	647089377999360000	231647439467356098560	1	0	0	0	0	0	0	0	0	0	0	1	0
292	2	23	9	error	'155'	0	0	1	2015-09-23 22:31:48	155	646814248224428032	322647439467356098560	1	0	0	0	0	0	0	0	0	0	0	1	0
293	2	23	9	rush_evening	'135'	0	0	1	2015-09-23 16:17:36	135	646720075999784960	231647438131247976448	1	1	0	0	0	0	0	0	1	0	0	0	0
294	2	23	9	rush_evening	'231', '135'	0	1	1	2015-09-23 16:15:20	231	646719505939324929	150647151976166199297	1	1	0	0	0	0	0	0	0	0	0	1	0
295	2	23	9	rush_evening	'231', '135'	0	0	1	2015-09-23 16:15:20	135	646719505939324929	146647142329044746240	1	1	0	0	0	0	0	0	0	0	0	0	0
296	2	23	9	rush_evening	'135'	0	0	1	2015-09-23 16:13:10	135	646718962944765952	135647089377999360000	0	0	0	0	0	0	0	0	0	0	0	0	0
297	2	23	9	rush_evening	'324'	1	0	0	2015-09-23 16:06:01	324	646717161247936513	155646814248224428032	1	1	0	0	0	0	0	0	0	0	0	0	0
298	2	23	9	workday	'221'	0	1	1	2015-09-23 15:01:59	221	646701048371896320	135646720075999784960	1	0	0	0	0	1	0	1	0	0	0	0	0
299	2	23	9	workday	'210'	0	1	0	2015-09-23 14:46:23	210	646697123044392960	231646719505939324929	1	0	0	0	0	1	0	1	0	0	0	0	0
300	2	23	9	error	'277', ''	0	1	1	2015-09-23 02:00:04	277	646504270095740928	135646719505939324929	1	0	0	0	0	1	0	1	0	0	0	0	0
301	2	23	9	error	'381', '277'	1	0	1	2015-09-23 01:51:53	381	646502211992727552	135646718962944765952	0	0	0	0	0	0	0	0	0	0	0	0	0
302	2	23	9	error	'381', '277'	0	1	1	2015-09-23 01:51:53	277	646502211992727552	324646717161247936513	1	0	1	0	0	0	0	0	0	0	0	0	0
303	2	23	9	error	'278'	0	1	0	2015-09-23 01:41:13	278	646499528535769088	221646701048371896320	1	0	0	0	0	0	0	0	0	1	0	0	0
304	2	23	9	error	'277'	0	1	1	2015-09-23 01:35:01	277	646497968380473344	210646697123044392960	1	0	0	0	0	0	0	0	1	1	0	0	0
305	2	23	9	error	'277'	0	1	1	2015-09-23 01:28:25	277	646496306802786304	277646504270095740928	0	0	0	0	0	0	0	0	0	0	0	0	0
306	1	22	9	error	'267'	0	1	1	2015-09-22 23:54:26	267	646472653994242048	381646502211992727552	1	0	0	0	0	1	0	1	0	0	0	0	0
307	1	22	9	error	'267'	0	1	1	2015-09-22 23:50:33	267	646471677446979585	277646502211992727552	1	0	0	0	0	1	0	1	0	0	0	0	0
308	1	22	9	rush_evening	'135'	0	0	1	2015-09-22 17:13:40	135	646371800163586048	278646499528535769088	0	0	0	0	0	0	0	0	0	0	0	0	0
309	1	22	9	rush_evening	'233'	0	1	1	2015-09-22 16:53:19	233	646366677085515776	277646497968380473344	1	0	0	0	0	0	0	0	1	0	0	0	0
310	1	22	9	rush_evening	'322'	1	0	0	2015-09-22 16:07:41	322	646355193852878848	277646496306802786304	1	0	0	0	0	0	0	0	1	0	0	0	0
311	1	22	9	error	'268'	0	1	0	2015-09-22 01:36:35	268	646135974179663872	267646472653994242048	0	0	0	0	0	0	0	0	0	0	0	0	0
312	3	17	9	workday	'319'	1	0	1	2015-09-17 14:40:07	319	644521218570219520	267646471677446979585	1	0	1	0	0	0	0	0	0	0	1	0	0
313	3	17	9	error	'283'	0	1	1	2015-09-17 01:45:21	283	644326239835033600	135646371800163586048	1	0	1	0	0	0	0	0	0	0	0	0	0
314	3	17	9	error	'273'	0	1	1	2015-09-17 00:22:24	273	644305366927302656	233646366677085515776	0	0	0	0	0	0	0	0	0	0	0	0	0
315	2	16	9	rush_evening	'135'	0	0	1	2015-09-16 17:03:57	135	644195025950146560	322646355193852878848	1	0	1	0	0	0	0	0	0	0	0	0	0
316	2	16	9	error	'279'	0	1	1	2015-09-16 01:12:52	279	643955679384866816	268646135974179663872	1	1	0	0	0	0	0	0	0	0	1	0	0
317	2	16	9	error	'269'	0	1	1	2015-09-16 00:42:26	269	643948021462335489	319644521218570219520	1	0	1	0	0	0	0	1	0	0	1	0	0
318	1	15	9	error	'147'	0	0	1	2015-09-15 20:38:11	147	643886554000179200	283644326239835033600	1	1	0	0	0	0	0	0	0	0	0	0	1
319	0	14	9	rush_evening	'143'	0	0	1	2015-09-14 19:30:52	143	643507221503078400	273644305366927302656	0	0	0	0	0	0	0	0	0	0	0	0	0
320	0	14	9	rush_evening	'143'	0	0	1	2015-09-14 19:09:52	143	643501937950896128	135644195025950146560	0	0	0	0	0	0	0	0	0	0	0	0	0
321	0	14	9	error	'449'	0	0	1	2015-09-14 06:10:55	449	643305909226106880	279643955679384866816	0	0	0	0	0	0	0	0	0	0	0	0	0
322	0	14	9	error	'449'	0	0	1	2015-09-14 05:45:58	449	643299632093630464	269643948021462335489	1	1	0	0	0	0	0	0	0	0	0	0	1
323	0	14	9	error	'449'	0	0	1	2015-09-14 05:44:27	449	643299247815700480	147643886554000179200	1	0	1	0	0	0	0	0	0	0	0	0	0
324	0	14	9	error	'449'	0	0	1	2015-09-14 05:26:09	449	643294645502394368	143643507221503078400	1	0	0	1	0	0	0	0	1	0	0	0	0
325	0	14	9	error	'449'	0	0	1	2015-09-14 05:21:08	449	643293381326565376	143643501937950896128	1	0	0	1	0	0	0	0	0	0	0	0	0
326	0	14	9	error	'449'	0	0	1	2015-09-14 04:58:03	449	643287573775843328	449643305909226106880	1	0	0	0	0	0	0	0	1	0	1	0	0
327	0	14	9	error	'449'	0	0	1	2015-09-14 04:55:05	449	643286827030347776	449643299632093630464	0	0	0	0	0	0	0	0	0	0	0	0	0
328	0	14	9	error	'449'	0	0	1	2015-09-14 04:41:16	449	643283350073946112	449643299247815700480	0	0	0	0	0	0	0	0	0	0	0	0	0
329	4	11	9	error	'150'	0	0	0	2015-09-11 22:38:12	150	642467205163163648	449643294645502394368	0	0	0	0	0	0	0	0	0	0	0	0	0
330	4	11	9	rush_evening	'135', ''	0	0	1	2015-09-11 17:03:01	135	642382852928237568	449643293381326565376	0	0	0	0	0	0	0	0	0	0	0	0	0
331	4	11	9	error	'269'	0	1	1	2015-09-11 01:16:40	269	642144695741583360	449643287573775843328	1	0	0	1	0	0	0	0	1	0	0	0	0
332	3	10	9	error	'254', '155', ''	0	1	0	2015-09-10 22:36:05	254	642104283597553664	449643286827030347776	0	0	0	0	0	0	0	0	0	0	0	0	0
333	3	10	9	error	'254', '155', ''	0	0	1	2015-09-10 22:36:05	155	642104283597553664	449643283350073946112	1	0	0	0	0	0	0	0	1	0	0	0	0
334	3	10	9	error	'254'	0	1	0	2015-09-10 22:05:00	254	642096460742438913	150642467205163163648	1	1	0	0	0	0	0	0	0	0	0	0	0
335	3	10	9	error	'150'	0	0	0	2015-09-10 21:26:34	150	642086787171659777	135642382852928237568	0	0	0	0	0	0	0	0	0	0	0	0	0
336	3	10	9	rush_evening	'227'	0	1	1	2015-09-10 16:12:24	227	642007725501743104	269642144695741583360	1	0	1	0	0	0	0	0	0	0	1	0	0
337	3	10	9	workday	'221', '231'	0	1	1	2015-09-10 14:30:05	221	641981977378209792	254642104283597553664	1	0	1	0	0	1	0	0	0	0	0	0	0
338	3	10	9	workday	'221', '231'	0	1	1	2015-09-10 14:30:05	231	641981977378209792	155642104283597553664	1	1	0	0	0	1	0	0	0	0	0	0	0
339	3	10	9	workday	'221'	0	1	1	2015-09-10 14:29:14	221	641981763590336513	254642096460742438913	1	1	0	0	0	0	0	0	0	0	0	0	1
340	3	10	9	workday	'221', '227'	0	1	1	2015-09-10 14:05:17	221	641975734794256384	150642086787171659777	1	1	0	0	0	0	0	0	0	0	0	0	0
341	3	10	9	workday	'221', '227'	0	1	1	2015-09-10 14:05:17	227	641975734794256384	227642007725501743104	1	1	0	0	0	0	0	0	0	0	0	0	0
342	3	10	9	workday	'221'	0	1	1	2015-09-10 13:46:16	221	641970951039533056	221641981977378209792	0	0	0	0	0	0	0	0	0	0	0	0	0
343	3	10	9	error	'287'	0	1	1	2015-09-10 01:52:46	287	641791390314184704	231641981977378209792	0	0	0	0	0	0	0	0	0	0	0	0	0
344	3	10	9	error	'282'	0	1	0	2015-09-10 01:51:03	282	641790961329115136	221641981763590336513	0	0	0	0	0	0	0	0	0	0	0	0	0
345	2	9	9	workday	'135'	0	0	1	2015-09-09 15:36:19	135	641636258867900416	221641975734794256384	1	0	0	0	0	0	1	0	0	0	0	0	0
346	2	9	9	error	'279'	0	1	1	2015-09-09 01:39:12	279	641425591816720384	227641975734794256384	1	0	0	0	0	0	1	0	0	0	0	0	0
347	2	9	9	error	'279'	0	1	1	2015-09-09 01:39:12	279	641425591816720384	221641970951039533056	1	0	1	0	0	0	0	0	0	0	1	0	0
348	2	9	9	error	'279'	0	1	1	2015-09-09 01:39:12	279	641425591816720384	287641791390314184704	1	0	0	0	0	1	0	0	1	0	0	0	0
349	2	9	9	error	'279'	0	1	1	2015-09-09 01:39:12	279	641425591816720384	282641790961329115136	1	0	0	0	0	1	0	0	1	0	0	0	0
350	2	9	9	error	'366'	1	0	0	2015-09-09 00:33:37	366	641409085108187136	135641636258867900416	0	0	0	0	0	0	0	0	0	0	0	0	0
351	2	9	9	error	'262'	0	1	0	2015-09-09 00:14:33	262	641404287445135360	279641425591816720384	1	0	1	0	0	0	0	0	0	0	1	1	0
352	2	9	9	error	'262'	0	1	0	2015-09-09 00:14:33	262	641404287445135360	279641425591816720384	1	0	1	0	0	0	0	0	0	0	1	1	0
353	2	9	9	error	'262'	0	1	0	2015-09-09 00:14:33	262	641404287445135360	279641425591816720384	1	0	1	0	0	0	0	0	0	0	1	1	0
354	2	9	9	error	'262'	0	1	0	2015-09-09 00:14:33	262	641404287445135360	279641425591816720384	1	0	1	0	0	0	0	0	0	0	1	1	0
355	1	8	9	error	'371'	1	0	1	2015-09-08 23:30:53	371	641393298557530112	279641425591816720384	1	0	1	0	0	0	0	0	0	0	1	1	0
356	1	8	9	error	'371'	1	0	1	2015-09-08 23:30:53	371	641393298557530112	279641425591816720384	1	0	1	0	0	0	0	0	0	0	1	1	0
357	1	8	9	error	'371'	1	0	1	2015-09-08 23:30:53	371	641393298557530112	279641425591816720384	1	0	1	0	0	0	0	0	0	0	1	1	0
358	1	8	9	error	'371'	1	0	1	2015-09-08 23:30:53	371	641393298557530112	279641425591816720384	1	0	1	0	0	0	0	0	0	0	1	1	0
359	1	8	9	error	'150'	0	0	0	2015-09-08 21:25:42	150	641361794049507329	279641425591816720384	1	0	1	0	0	0	0	0	0	0	1	1	0
360	1	8	9	error	'150'	0	0	0	2015-09-08 21:25:42	150	641361794049507329	279641425591816720384	1	0	1	0	0	0	0	0	0	0	1	1	0
361	1	8	9	error	'150'	0	0	0	2015-09-08 21:25:42	150	641361794049507329	279641425591816720384	1	0	1	0	0	0	0	0	0	0	1	1	0
362	1	8	9	error	'150'	0	0	0	2015-09-08 21:25:42	150	641361794049507329	279641425591816720384	1	0	1	0	0	0	0	0	0	0	1	1	0
363	1	8	9	rush_evening	'142'	0	0	0	2015-09-08 19:27:16	142	641331991644905472	279641425591816720384	1	0	1	0	0	0	0	0	0	0	1	1	0
364	1	8	9	rush_evening	'142'	0	0	0	2015-09-08 19:27:16	142	641331991644905472	279641425591816720384	1	0	1	0	0	0	0	0	0	0	1	1	0
365	1	8	9	rush_evening	'142'	0	0	0	2015-09-08 19:27:16	142	641331991644905472	279641425591816720384	1	0	1	0	0	0	0	0	0	0	1	1	0
366	1	8	9	rush_evening	'142'	0	0	0	2015-09-08 19:27:16	142	641331991644905472	279641425591816720384	1	0	1	0	0	0	0	0	0	0	1	1	0
367	1	8	9	rush_evening	'233'	0	1	1	2015-09-08 17:06:01	233	641296442917822464	366641409085108187136	1	1	0	0	0	1	0	0	0	0	0	0	0
368	1	8	9	rush_evening	'135'	0	0	1	2015-09-08 16:29:02	135	641287136520572928	262641404287445135360	1	1	0	0	0	0	0	0	0	0	1	0	0
369	4	4	9	error	'152'	0	0	0	2015-09-04 22:43:25	152	639931803151699968	371641393298557530112	0	0	0	0	0	0	0	0	0	0	0	0	0
370	4	4	9	error	'152'	0	0	0	2015-09-04 22:28:54	152	639928147601813504	150641361794049507329	1	1	0	0	0	0	0	0	0	0	0	0	0
371	4	4	9	error	'278'	0	1	0	2015-09-04 02:10:08	278	639621436919803904	142641331991644905472	1	1	0	0	0	0	0	0	0	0	0	0	0
372	3	3	9	error	'197'	0	0	1	2015-09-03 04:14:07	197	639290251022696448	233641296442917822464	1	1	0	0	0	0	0	0	0	0	0	0	0
373	2	2	9	error	'257'	0	1	1	2015-09-02 22:39:26	257	639206023199256577	135641287136520572928	0	0	0	0	0	0	0	0	0	0	0	0	0
374	2	2	9	error	'152', ''	0	0	0	2015-09-02 22:34:34	152	639204798902878208	152639931803151699968	1	0	1	0	0	0	0	0	0	0	0	0	0
375	2	2	9	error	'257'	0	1	1	2015-09-02 21:55:14	257	639194900706136064	152639928147601813504	0	0	0	0	0	0	0	0	0	0	0	0	0
376	2	2	9	error	'257'	0	1	1	2015-09-02 21:44:34	257	639192214967443456	278639621436919803904	1	0	1	0	0	0	0	0	0	0	0	0	1
377	2	2	9	error	'150'	0	0	0	2015-09-02 21:18:37	150	639185687137267713	197639290251022696448	0	0	0	0	0	0	0	0	0	0	0	0	0
378	2	2	9	rush_evening	'142'	0	0	0	2015-09-02 19:39:32	142	639160750322413568	257639206023199256577	1	0	1	0	0	0	0	0	0	0	0	0	0
379	2	2	9	rush_evening	'143'	0	0	1	2015-09-02 19:28:03	143	639157859469664260	152639204798902878208	1	1	0	0	0	0	0	0	0	0	0	0	0
380	2	2	9	rush_evening	'138'	0	0	0	2015-09-02 18:04:38	138	639136865837150208	257639194900706136064	1	0	1	0	0	0	0	0	0	0	0	0	0
381	2	2	9	workday	'313'	1	0	1	2015-09-02 14:40:05	313	639085392231206913	257639192214967443456	1	1	0	0	0	0	0	0	0	0	1	0	0
382	2	2	9	workday	'313'	1	0	1	2015-09-02 14:33:42	313	639083784957132800	150639185687137267713	1	1	0	0	0	0	0	0	0	0	0	0	0
383	1	1	9	error	'152'	0	0	0	2015-09-01 22:06:57	152	638835460958085120	142639160750322413568	1	0	0	0	0	0	0	0	0	0	0	0	0
384	1	1	9	error	'155'	0	0	1	2015-09-01 21:10:05	155	638821151578288131	143639157859469664260	0	0	0	0	0	0	0	0	0	0	0	0	0
385	1	1	9	error	'155'	0	0	1	2015-09-01 21:08:35	155	638820771599527936	138639136865837150208	1	1	0	0	0	0	0	0	0	0	0	0	0
386	1	1	9	error	'269'	0	1	1	2015-09-01 00:27:13	269	638508371084120064	313639085392231206913	1	0	1	0	0	0	0	0	0	0	0	1	0
387	0	31	8	rush_evening	'139'	0	0	1	2015-08-31 18:33:49	139	638419437960347648	313639083784957132800	1	0	1	0	0	0	0	0	0	1	0	0	0
388	0	31	8	rush_evening	'138'	0	0	0	2015-08-31 18:06:20	138	638412521611915264	152638835460958085120	1	1	0	0	0	0	0	0	0	0	0	0	0
389	5	29	8	error	'268'	0	1	0	2015-08-29 01:15:41	268	637433404426813440	155638821151578288131	0	0	0	0	0	0	0	0	0	0	0	0	0
390	4	28	8	error	'152'	0	0	0	2015-08-28 22:34:33	152	637392854621417472	155638820771599527936	0	0	0	0	0	0	0	0	0	0	0	0	0
391	4	28	8	rush_evening	'135'	0	0	1	2015-08-28 19:33:48	135	637347367222546437	269638508371084120064	0	0	0	0	0	0	0	0	0	0	0	0	0
392	4	28	8	rush_evening	'142'	0	0	0	2015-08-28 19:33:04	142	637347183696605184	139638419437960347648	1	1	0	0	0	0	0	0	0	0	0	0	0
393	4	28	8	error	'268'	0	1	0	2015-08-28 01:16:24	268	637071196152991744	138638412521611915264	1	1	0	0	0	0	0	0	0	0	0	0	0
394	4	28	8	error	'360'	1	0	0	2015-08-28 00:12:42	360	637055166420619264	268637433404426813440	1	1	0	0	0	0	0	0	0	0	0	0	1
395	3	27	8	error	'150'	0	0	0	2015-08-27 22:40:19	150	637031918580531200	152637392854621417472	1	0	1	0	0	0	0	0	0	0	0	0	0
396	3	27	8	error	'150'	0	0	0	2015-08-27 22:39:58	150	637031829749563392	135637347367222546437	0	0	0	0	0	0	0	0	0	0	0	0	0
397	3	27	8	error	'152'	0	0	0	2015-08-27 22:24:21	152	637027899531505664	142637347183696605184	1	1	0	0	0	0	0	0	0	0	0	0	0
398	3	27	8	error	'150'	0	0	0	2015-08-27 21:18:07	150	637011232415985664	268637071196152991744	1	1	0	0	0	0	0	0	0	0	0	0	0
399	3	27	8	error	'150'	0	0	0	2015-08-27 21:04:29	150	637007802515394560	360637055166420619264	1	1	0	0	0	0	0	0	0	0	0	1	0
400	3	27	8	rush_evening	'142'	0	0	0	2015-08-27 19:53:05	142	636989831038398468	150637031918580531200	1	0	0	1	0	0	0	0	0	0	0	1	0
401	3	27	8	rush_evening	'143'	0	0	1	2015-08-27 19:24:42	143	636982691678822400	150637031829749563392	1	0	0	0	0	0	0	0	0	0	0	1	0
402	3	27	8	rush_evening	'135'	0	0	1	2015-08-27 17:40:14	135	636956401810542592	152637027899531505664	1	0	1	0	0	1	0	0	0	0	0	1	0
403	3	27	8	workday	'225'	0	1	1	2015-08-27 15:42:12	225	636926694423597056	150637011232415985664	1	0	1	0	0	0	0	0	0	0	0	0	0
404	3	27	8	error	'268'	0	1	0	2015-08-27 01:15:15	268	636708521942188032	150637007802515394560	1	0	1	0	0	0	0	0	0	0	0	0	0
405	3	27	8	error	'269', ''	0	1	1	2015-08-27 00:50:02	269	636702174760734721	142636989831038398468	1	0	0	1	0	0	0	0	0	0	0	0	0
406	2	26	8	error	'155'	0	0	1	2015-08-26 22:21:16	155	636664734532550657	143636982691678822400	1	0	1	0	0	0	0	0	0	0	0	0	0
407	2	26	8	error	'254', ''	0	1	0	2015-08-26 21:58:52	254	636659101250928640	135636956401810542592	1	0	1	0	0	0	0	0	0	0	0	1	0
408	1	25	8	error	'156'	0	0	0	2015-08-25 23:43:13	156	636322970080645120	225636926694423597056	1	0	1	0	0	0	0	0	0	0	0	0	0
409	1	25	8	error	'156'	0	0	0	2015-08-25 22:52:30	156	636310210655580161	268636708521942188032	1	0	1	0	0	0	0	0	0	0	0	0	0
410	1	25	8	error	'254'	0	1	0	2015-08-25 22:25:16	254	636303354528817152	269636702174760734721	0	0	0	0	0	0	0	0	0	0	0	0	0
411	1	25	8	rush_evening	'143'	0	0	1	2015-08-25 19:36:00	143	636260759182245888	155636664734532550657	1	1	0	0	0	0	0	0	0	0	0	0	0
412	1	25	8	rush_evening	'135'	0	0	1	2015-08-25 17:36:28	135	636230676694503424	254636659101250928640	1	1	0	0	0	0	0	0	0	0	0	0	0
413	1	25	8	error	'268'	0	1	0	2015-08-25 01:53:14	268	635993302165159936	156636322970080645120	1	0	1	0	0	0	0	0	0	0	0	0	0
414	1	25	8	error	'370'	1	0	0	2015-08-25 01:20:51	370	635985154977038337	156636310210655580161	1	0	1	0	0	0	0	0	0	0	0	0	0
415	1	25	8	error	'268'	0	1	0	2015-08-25 01:10:51	268	635982638000373760	254636303354528817152	1	1	0	0	0	0	0	0	0	0	0	0	0
416	0	24	8	error	'254'	0	1	0	2015-08-24 22:27:37	254	635941558320128005	143636260759182245888	1	0	1	0	0	0	0	0	0	0	0	0	0
417	0	24	8	error	'257', ''	0	1	1	2015-08-24 22:01:39	257	635935023460298752	135636230676694503424	1	0	1	0	0	0	0	0	0	0	0	0	0
418	0	24	8	error	'257'	0	1	1	2015-08-24 21:51:07	257	635932374711140352	268635993302165159936	1	0	0	1	0	0	0	0	0	0	0	0	0
419	5	22	8	error	'375'	1	0	1	2015-08-22 01:22:27	375	634898393194631168	370635985154977038337	1	0	1	0	0	1	0	0	0	0	0	1	0
420	3	20	8	error	'371'	1	0	1	2015-08-20 00:09:55	371	634155362954776576	268635982638000373760	1	0	1	0	0	0	0	0	0	0	0	0	0
421	2	19	8	error	'257', ''	0	1	1	2015-08-19 23:00:52	257	634137986263814144	254635941558320128005	1	0	1	0	0	0	0	0	0	0	0	0	0
422	2	19	8	error	'151'	0	0	1	2015-08-19 21:08:14	151	634109641396461569	257635935023460298752	1	0	0	0	0	0	1	0	0	0	0	0	0
423	2	19	8	workday	'312'	1	0	0	2015-08-19 15:05:39	312	634018396061892609	257635932374711140352	1	0	1	0	0	0	0	0	0	0	1	0	0
424	1	18	8	error	'150'	0	0	0	2015-08-18 21:37:19	150	633754574688382976	375634898393194631168	1	0	0	1	0	0	0	0	1	0	0	0	0
425	5	15	8	error	'269'	0	1	1	2015-08-15 01:12:12	269	632359097661153280	371634155362954776576	0	0	0	0	0	0	0	0	0	0	0	0	0
426	4	14	8	error	'151'	0	0	1	2015-08-14 21:31:28	151	632303547606917120	257634137986263814144	1	0	1	0	0	0	0	0	0	0	0	0	0
427	3	13	8	rush_evening	'143'	0	0	1	2015-08-13 19:52:25	143	631916233139470336	151634109641396461569	1	1	0	0	0	0	0	0	0	0	0	0	0
428	3	13	8	rush_evening	'143'	0	0	1	2015-08-13 19:33:03	143	631911360826204160	312634018396061892609	1	0	1	0	0	0	0	0	0	0	0	0	0
429	3	13	8	rush_evening	'143'	0	0	1	2015-08-13 19:15:34	143	631906962372866048	150633754574688382976	1	1	0	0	0	0	0	0	0	0	0	0	0
430	3	13	8	rush_evening	'143'	0	0	1	2015-08-13 18:23:52	143	631893952291995648	269632359097661153280	1	1	0	0	0	0	0	0	1	0	0	0	1
431	3	13	8	workday	'220'	0	1	0	2015-08-13 15:52:03	220	631855746557149184	151632303547606917120	1	1	0	0	0	0	0	0	0	0	0	0	0
432	3	13	8	error	'370'	1	0	0	2015-08-13 01:19:28	370	631636151510523908	143631916233139470336	1	0	0	0	1	0	0	0	0	0	1	0	0
433	3	13	8	error	'268'	0	1	0	2015-08-13 01:12:09	268	631634312354394112	143631911360826204160	1	0	0	1	0	0	0	0	0	0	1	0	0
434	2	12	8	error	'262'	0	1	0	2015-08-12 23:34:17	262	631609683384467456	143631906962372866048	1	1	0	0	0	0	0	0	0	0	0	0	0
435	2	12	8	error	'376'	1	0	0	2015-08-12 00:48:42	376	631266022410969089	143631893952291995648	1	1	0	0	0	0	0	0	0	0	0	0	0
436	1	11	8	rush_evening	'231'	0	1	1	2015-08-11 16:09:41	231	631135405077704704	220631855746557149184	1	1	0	0	0	0	0	0	0	0	0	0	0
437	1	11	8	error	'268'	0	1	0	2015-08-11 01:08:56	268	630908724547182592	370631636151510523908	1	0	1	0	0	0	0	0	0	0	0	0	1
438	0	10	8	error	'152'	0	0	0	2015-08-10 22:33:57	152	630869721437483008	268631634312354394112	1	0	1	0	0	0	0	0	0	0	0	0	1
439	5	8	8	error	'360'	1	0	0	2015-08-08 00:00:37	360	629804371094605824	262631609683384467456	0	0	0	0	0	0	0	0	0	0	0	0	0
440	4	7	8	error	'360'	1	0	0	2015-08-07 23:59:38	360	629804122154217473	376631266022410969089	0	0	0	0	0	0	0	0	0	0	0	0	0
441	4	7	8	error	'360'	1	0	0	2015-08-07 23:59:16	360	629804031074897924	231631135405077704704	1	0	1	0	0	0	0	0	0	0	0	0	0
442	4	7	8	error	'273'	0	1	1	2015-08-07 00:19:23	273	629446702617903104	268630908724547182592	1	0	1	0	0	0	0	0	0	0	0	0	0
443	3	6	8	error	'283'	0	1	1	2015-08-06 01:26:58	283	629101323149930496	152630869721437483008	1	1	0	0	0	0	0	0	0	0	1	0	0
444	3	6	8	error	'287'	0	1	1	2015-08-06 01:26:05	287	629101103167209472	360629804371094605824	1	0	1	0	0	0	0	0	0	0	0	1	0
445	1	4	8	error	'385'	1	0	1	2015-08-04 03:02:52	385	628400683155238912	360629804122154217473	1	0	1	0	0	0	0	0	0	0	0	0	0
446	1	4	8	error	'385', '274'	1	0	1	2015-08-04 01:53:01	385	628383102797115392	360629804031074897924	1	0	0	0	0	0	0	0	0	0	0	1	0
447	1	4	8	error	'385', '274'	0	1	0	2015-08-04 01:53:01	274	628383102797115392	273629446702617903104	1	0	0	0	0	0	1	0	0	0	1	0	0
448	5	1	8	error	'262', '264', '366', '268', '263', '365'	0	1	0	2015-08-01 00:44:05	262	627278592561381377	283629101323149930496	1	0	1	0	0	0	0	0	0	0	0	0	0
449	5	1	8	error	'262', '264', '366', '268', '263', '365'	0	1	0	2015-08-01 00:44:05	264	627278592561381377	287629101103167209472	0	0	0	0	0	0	0	0	0	0	0	0	0
450	5	1	8	error	'262', '264', '366', '268', '263', '365'	1	0	0	2015-08-01 00:44:05	366	627278592561381377	385628400683155238912	1	0	0	0	0	0	1	0	0	0	0	0	0
451	5	1	8	error	'262', '264', '366', '268', '263', '365'	0	1	0	2015-08-01 00:44:05	268	627278592561381377	385628383102797115392	1	0	0	0	0	0	0	0	1	0	0	0	0
452	5	1	8	error	'262', '264', '366', '268', '263', '365'	0	1	1	2015-08-01 00:44:05	263	627278592561381377	274628383102797115392	1	0	0	0	0	0	0	0	1	0	0	0	0
453	5	1	8	error	'262', '264', '366', '268', '263', '365'	1	0	1	2015-08-01 00:44:05	365	627278592561381377	262627278592561381377	1	0	0	0	1	0	0	0	1	0	0	0	0
454	5	1	8	error	'360', '159'	1	0	0	2015-08-01 00:10:55	360	627270244415836161	264627278592561381377	1	0	0	0	1	0	0	0	1	0	0	0	0
455	5	1	8	error	'360', '159'	0	0	1	2015-08-01 00:10:55	159	627270244415836161	366627278592561381377	1	0	0	0	1	0	0	0	1	0	0	0	0
456	4	31	7	error	'159'	0	0	1	2015-07-31 23:46:17	159	627264046060826624	268627278592561381377	1	0	0	1	0	0	0	0	1	0	0	0	0
457	4	31	7	error	'360', ''	1	0	0	2015-07-31 23:45:27	360	627263837792702464	263627278592561381377	1	0	1	0	0	0	0	0	1	0	0	0	0
458	4	31	7	error	'360'	1	0	0	2015-07-31 23:29:07	360	627259728129753088	365627278592561381377	1	0	1	0	0	0	0	0	1	0	0	0	0
459	4	31	7	error	'371'	1	0	1	2015-07-31 00:44:11	371	626916231656767488	360627270244415836161	1	0	0	0	0	0	1	0	1	0	0	0	0
460	3	30	7	rush_evening	'233'	0	1	1	2015-07-30 17:10:22	233	626802021782302724	159627270244415836161	1	0	0	0	0	0	1	0	1	0	0	0	0
461	3	30	7	error	'283'	0	1	1	2015-07-30 02:19:56	283	626577938624831488	159627264046060826624	1	0	0	0	0	0	0	0	1	0	0	0	0
462	3	30	7	error	'258'	0	1	0	2015-07-30 00:00:21	258	626542811354009600	360627263837792702464	1	0	0	0	0	0	0	0	1	0	0	0	0
463	2	29	7	error	'258'	0	1	0	2015-07-29 23:29:21	258	626535008744837121	360627259728129753088	1	0	0	0	0	0	0	0	1	0	0	0	0
464	2	29	7	rush_evening	'143'	0	0	1	2015-07-29 19:45:13	143	626478604134825984	371626916231656767488	1	1	0	0	0	0	0	0	0	0	0	0	0
465	2	29	7	rush_evening	'233'	0	1	1	2015-07-29 16:12:49	233	626425154193784832	233626802021782302724	1	0	1	0	0	0	0	0	0	0	0	0	0
466	2	29	7	error	'194'	0	0	0	2015-07-29 06:04:10	194	626271981961265154	283626577938624831488	1	0	1	0	0	0	0	0	0	0	0	0	0
467	2	29	7	error	'197'	0	0	1	2015-07-29 05:44:05	197	626266927338360832	258626542811354009600	1	0	0	1	0	0	0	0	0	0	0	0	0
468	2	29	7	error	'375'	1	0	1	2015-07-29 01:15:52	375	626199429607895040	258626535008744837121	1	0	1	0	0	0	0	0	0	0	0	0	0
469	1	28	7	rush_evening	'142'	0	0	0	2015-07-28 19:10:20	142	626107437888573440	143626478604134825984	1	0	1	0	0	0	0	0	0	0	0	1	1
470	1	28	7	error	'375'	1	0	1	2015-07-28 00:47:26	375	625829885911547904	233626425154193784832	0	0	0	0	0	0	0	0	0	0	0	0	0
471	1	28	7	error	'277'	0	1	1	2015-07-28 00:46:36	277	625829673511948288	194626271981961265154	1	0	0	0	0	0	0	0	0	0	0	0	0
472	1	28	7	error	'273'	0	1	1	2015-07-28 00:11:51	273	625820927901601792	197626266927338360832	1	0	0	0	0	0	0	0	0	1	0	0	0
473	5	25	7	error	'375'	1	0	1	2015-07-25 01:13:05	375	624749175184322564	375626199429607895040	1	0	1	0	0	0	0	0	0	0	0	0	0
474	5	25	7	error	'375'	1	0	1	2015-07-25 01:06:04	375	624747408304373760	142626107437888573440	1	1	0	0	0	0	0	0	0	0	0	1	0
475	5	25	7	error	'273'	0	1	1	2015-07-25 00:57:07	273	624745159742259200	375625829885911547904	0	0	0	0	0	0	0	0	0	0	0	0	0
476	5	25	7	error	'365'	1	0	1	2015-07-25 00:01:27	365	624731150263521280	277625829673511948288	1	1	0	0	0	0	0	0	0	0	0	1	0
477	3	23	7	rush_evening	'233'	0	1	1	2015-07-23 17:21:21	233	624268074644955136	273625820927901601792	1	1	0	0	0	0	0	0	0	0	0	0	0
478	3	23	7	rush_evening	'233'	0	1	1	2015-07-23 17:10:07	233	624265244886503428	375624749175184322564	0	0	0	0	0	0	0	0	0	0	0	0	0
479	3	23	7	rush_evening	'226'	0	1	0	2015-07-23 16:33:28	226	624256021477756928	375624747408304373760	0	0	0	0	0	0	0	0	0	0	0	0	0
480	3	23	7	workday	'216'	0	1	0	2015-07-23 15:29:21	216	624239888699777026	273624745159742259200	1	0	0	0	0	0	1	0	0	0	1	0	0
481	3	23	7	workday	'216'	0	1	0	2015-07-23 14:48:09	216	624229518572589056	365624731150263521280	0	0	0	0	0	0	0	0	0	0	0	0	0
482	3	23	7	error	'273'	0	1	1	2015-07-23 00:12:17	273	624009098481172480	233624268074644955136	1	0	0	1	0	0	0	0	0	0	1	0	0
483	2	22	7	rush_evening	'233'	0	1	1	2015-07-22 16:35:23	233	623894116573667328	233624265244886503428	1	0	0	0	0	0	0	0	0	0	1	0	0
484	2	22	7	rush_evening	'220'	0	1	0	2015-07-22 16:01:27	220	623885577469886464	226624256021477756928	1	0	1	0	0	0	0	0	0	0	0	1	0
485	2	22	7	error	'386'	1	0	0	2015-07-22 01:37:17	386	623668101712773120	216624239888699777026	1	0	1	0	0	1	0	0	0	0	1	0	0
486	1	21	7	error	'365'	1	0	1	2015-07-21 23:51:39	365	623641520030093312	216624229518572589056	1	0	0	0	0	0	0	0	0	0	1	0	0
487	1	21	7	rush_evening	'135'	0	0	1	2015-07-21 17:09:21	135	623540276263399424	273624009098481172480	1	1	0	0	0	0	0	0	0	0	0	0	0
488	1	21	7	rush_evening	'233'	0	1	1	2015-07-21 16:54:04	233	623536429210046464	233623894116573667328	1	0	1	0	0	0	0	0	0	0	0	0	0
489	1	21	7	workday	'314'	1	0	0	2015-07-21 14:05:57	314	623494122045730816	220623885577469886464	1	1	0	0	0	0	0	0	0	0	0	0	0
490	0	20	7	rush_evening	'230'	0	1	0	2015-07-20 16:37:01	230	623169752509190144	386623668101712773120	0	0	0	0	0	0	0	0	0	0	0	0	0
491	0	20	7	workday	'323'	1	0	1	2015-07-20 15:21:17	323	623150694824935424	365623641520030093312	0	0	0	0	0	0	0	0	0	0	0	0	0
492	0	20	7	workday	'217', '221'	0	1	1	2015-07-20 15:17:12	217	623149667388252161	135623540276263399424	1	0	1	0	0	0	0	0	0	0	0	0	0
493	0	20	7	workday	'217', '221'	0	1	1	2015-07-20 15:17:12	221	623149667388252161	233623536429210046464	1	0	1	0	0	0	0	0	0	0	0	0	0
494	0	20	7	workday	'221'	0	1	1	2015-07-20 15:07:17	221	623147171441840129	314623494122045730816	0	0	0	0	0	0	0	0	0	0	0	0	0
495	5	18	7	error	'156'	0	0	0	2015-07-18 00:00:08	156	622194104517050369	230623169752509190144	1	0	1	0	0	0	0	0	0	0	0	0	0
496	3	16	7	workday	'218'	0	1	0	2015-07-16 14:40:16	218	621690817686585344	323623150694824935424	1	0	0	0	0	1	0	1	0	0	0	0	0
497	3	16	7	error	'267', '371'	0	1	1	2015-07-16 00:38:13	267	621478910815924224	217623149667388252161	1	0	1	0	0	1	0	0	0	0	0	0	0
498	3	16	7	error	'267', '371'	1	0	1	2015-07-16 00:38:13	371	621478910815924224	221623149667388252161	1	0	1	0	0	0	0	0	0	0	0	0	0
499	3	16	7	error	'267'	0	1	1	2015-07-16 00:27:32	267	621476223714136064	221623147171441840129	1	0	1	0	0	0	0	0	0	0	0	0	0
500	2	15	7	rush_evening	'138'	0	0	0	2015-07-15 18:31:33	138	621386637159698433	156622194104517050369	1	1	0	0	0	0	0	0	0	0	0	0	0
501	2	15	7	rush_evening	'233'	0	1	1	2015-07-15 16:47:28	233	621360444146475008	218621690817686585344	0	0	0	0	0	0	0	0	0	0	0	0	0
502	2	15	7	error	'264'	0	1	0	2015-07-15 01:59:30	264	621136980282343424	267621478910815924224	1	0	1	0	0	0	0	0	0	0	0	0	0
503	2	15	7	error	'268'	0	1	0	2015-07-15 01:40:57	268	621132308528136192	371621478910815924224	1	0	1	0	0	0	0	0	0	0	0	0	0
504	2	15	7	error	'264'	0	1	0	2015-07-15 00:54:43	264	621120675982479361	267621476223714136064	1	0	0	0	0	1	0	0	0	0	1	0	0
505	1	14	7	error	'146'	0	0	0	2015-07-14 20:28:26	146	621053662199033856	138621386637159698433	1	1	0	0	0	0	0	0	0	0	0	0	0
506	1	14	7	rush_evening	'142', '143'	0	0	0	2015-07-14 19:25:34	142	621037841892577280	233621360444146475008	1	1	0	0	0	0	0	0	0	0	0	0	0
507	1	14	7	rush_evening	'142', '143'	0	0	1	2015-07-14 19:25:34	143	621037841892577280	264621136980282343424	0	0	0	0	0	0	0	0	0	0	0	0	0
508	1	14	7	workday	'313'	1	0	1	2015-07-14 14:08:13	313	620957977856454656	268621132308528136192	1	0	0	0	0	0	0	0	1	0	0	0	0
509	1	14	7	error	'258'	0	1	0	2015-07-14 00:35:41	258	620753498699755520	264621120675982479361	1	0	0	0	0	0	0	0	1	0	0	0	0
510	1	14	7	error	'258'	0	1	0	2015-07-14 00:25:42	258	620750983967080448	146621053662199033856	1	1	0	0	0	0	0	0	0	0	0	0	0
511	1	14	7	error	'269'	0	1	1	2015-07-14 00:24:59	269	620750805478420480	142621037841892577280	1	1	0	0	0	0	0	0	0	0	0	0	0
512	0	13	7	rush_evening	'135'	0	0	1	2015-07-13 17:40:42	135	620649061914312704	143621037841892577280	1	1	0	0	0	0	0	0	0	0	0	0	0
513	3	9	7	error	'146', '150'	0	0	0	2015-07-09 20:03:05	146	619235342361563136	313620957977856454656	1	0	0	0	0	0	1	0	0	0	1	0	0
514	3	9	7	error	'146', '150'	0	0	0	2015-07-09 20:03:05	150	619235342361563136	258620753498699755520	1	0	0	1	0	0	0	0	0	0	1	0	0
515	2	8	7	error	'156'	0	0	0	2015-07-08 23:49:48	156	618930012998111232	258620750983967080448	1	0	1	0	0	0	0	0	0	0	1	0	0
516	2	8	7	error	'156'	0	0	0	2015-07-08 23:00:21	156	618917566392602624	269620750805478420480	0	0	0	0	0	0	0	0	0	0	0	0	0
517	2	8	7	error	'375'	1	0	1	2015-07-08 01:10:14	375	618587863039381505	135620649061914312704	1	0	1	0	0	0	0	0	0	0	0	0	0
518	1	7	7	error	'375'	1	0	1	2015-07-07 00:53:48	375	618221343335563265	146619235342361563136	1	0	0	0	0	0	1	0	0	0	0	0	0
519	1	7	7	error	'365'	1	0	1	2015-07-07 00:11:58	365	618210814105796608	150619235342361563136	0	0	0	0	0	0	0	0	0	0	0	0	0
520	3	2	7	error	'278'	0	1	0	2015-07-02 01:55:38	278	616424962216177664	156618930012998111232	1	0	1	0	0	0	0	0	0	1	0	0	1
521	3	2	7	error	'268'	0	1	0	2015-07-02 01:34:58	268	616419760918495232	156618917566392602624	1	0	1	0	0	0	0	0	0	1	0	0	0
522	3	2	7	error	'274'	0	1	0	2015-07-02 01:08:02	274	616412984684863489	375618587863039381505	0	0	0	0	0	0	0	0	0	0	0	0	0
523	2	1	7	error	'261'	0	1	1	2015-07-01 23:57:42	261	616395282956161025	375618221343335563265	0	0	0	0	0	0	0	0	0	0	0	0	0
524	2	1	7	rush_evening	'134'	0	0	0	2015-07-01 17:02:35	134	616290816567443456	365618210814105796608	1	0	1	0	0	0	0	0	0	0	0	1	0
525	2	1	7	rush_evening	'220'	0	1	0	2015-07-01 16:28:33	220	616282252708810756	278616424962216177664	1	1	0	0	0	0	0	0	0	0	0	0	0
526	2	1	7	rush_evening	'', '322'	1	0	0	2015-07-01 16:23:20	322	616280938155257856	268616419760918495232	1	1	0	0	0	0	0	0	0	0	0	0	0
527	2	1	7	workday	'220'	0	1	0	2015-07-01 15:30:05	220	616267540067540992	274616412984684863489	1	0	1	0	0	0	0	0	0	0	1	0	0
528	2	1	7	error	'370'	1	0	0	2015-07-01 00:52:14	370	616046620598099968	261616395282956161025	1	0	1	0	0	0	0	0	0	0	1	0	0
529	1	30	6	error	'370'	1	0	0	2015-06-30 01:19:26	370	615691078541316096	134616290816567443456	0	0	0	0	0	0	0	0	0	0	0	0	0
530	1	30	6	error	'264'	0	1	0	2015-06-30 01:09:48	264	615688654023888896	220616282252708810756	0	0	0	0	0	0	0	0	0	0	0	0	0
531	1	30	6	error	'366'	1	0	0	2015-06-30 00:41:53	366	615681626215833601	322616280938155257856	0	0	0	0	0	0	0	0	0	0	0	0	0
532	0	29	6	error	'366'	1	0	0	2015-06-29 23:50:46	366	615668764105920513	220616267540067540992	1	0	0	0	0	0	0	0	1	0	0	0	0
533	0	29	6	error	'155'	0	0	1	2015-06-29 22:44:25	155	615652065717678080	370616046620598099968	1	1	0	0	0	0	0	0	0	0	0	0	0
534	0	29	6	rush_evening	'309', '218'	1	0	1	2015-06-29 17:00:10	309	615565431907201025	370615691078541316096	1	0	1	0	0	0	0	0	0	0	0	0	0
535	0	29	6	rush_evening	'309', '218'	0	1	0	2015-06-29 17:00:10	218	615565431907201025	264615688654023888896	1	1	0	0	0	0	0	0	0	0	0	0	0
536	5	27	6	error	'284', '386', '289', '191', '193', '288'	0	1	0	2015-06-27 03:38:43	284	614638964490678272	366615681626215833601	1	0	0	1	0	0	0	0	0	0	1	0	0
537	5	27	6	error	'284', '386', '289', '191', '193', '288'	1	0	0	2015-06-27 03:38:43	386	614638964490678272	366615668764105920513	1	0	1	0	0	0	0	0	0	0	1	0	0
538	5	27	6	error	'284', '386', '289', '191', '193', '288'	0	1	1	2015-06-27 03:38:43	289	614638964490678272	155615652065717678080	1	1	0	0	0	0	0	0	0	0	0	0	0
539	5	27	6	error	'284', '386', '289', '191', '193', '288'	0	0	1	2015-06-27 03:38:43	191	614638964490678272	309615565431907201025	0	0	0	0	0	0	0	0	0	0	0	0	0
540	5	27	6	error	'284', '386', '289', '191', '193', '288'	0	0	1	2015-06-27 03:38:43	193	614638964490678272	218615565431907201025	0	0	0	0	0	0	0	0	0	0	0	0	0
541	5	27	6	error	'284', '386', '289', '191', '193', '288'	0	1	0	2015-06-27 03:38:43	288	614638964490678272	284614638964490678272	1	0	0	1	0	1	0	0	0	0	1	0	0
542	4	26	6	error	'261'	0	1	1	2015-06-26 23:48:42	261	614581079257694208	386614638964490678272	1	0	0	1	0	1	0	0	0	0	1	0	0
543	4	26	6	error	'365'	1	0	1	2015-06-26 00:05:52	365	614223012825436160	289614638964490678272	1	0	0	1	0	1	0	0	0	0	1	0	0
544	3	25	6	rush_evening	'139'	0	0	1	2015-06-25 17:29:09	139	614123176906375168	191614638964490678272	1	0	1	0	0	1	0	0	0	0	1	0	0
545	2	24	6	rush_evening	'227'	0	1	1	2015-06-24 16:12:39	227	613741535494942720	193614638964490678272	1	0	1	0	0	1	0	0	0	0	1	0	0
546	2	24	6	workday	'319'	1	0	1	2015-06-24 14:22:35	319	613713834348417024	288614638964490678272	1	0	1	0	0	1	0	0	0	0	1	0	0
547	2	24	6	error	'376'	1	0	0	2015-06-24 00:40:23	376	613506922117869568	261614581079257694208	0	0	0	0	0	0	0	0	0	0	0	0	0
548	1	23	6	rush_evening	'230'	0	1	0	2015-06-23 16:01:10	230	613376256248123392	365614223012825436160	1	1	0	0	0	0	0	0	0	0	0	0	0
549	0	22	6	rush_evening	'233'	0	1	1	2015-06-22 16:52:01	233	613026667557072896	139614123176906375168	1	0	1	0	0	0	0	0	0	0	1	0	0
550	0	22	6	rush_evening	'322'	1	0	0	2015-06-22 16:04:09	322	613014618785447936	227613741535494942720	0	0	0	0	0	0	0	0	0	0	0	0	0
551	0	22	6	workday	'220'	0	1	0	2015-06-22 15:58:01	220	613013075696848896	319613713834348417024	0	0	0	0	0	0	0	0	0	0	0	0	0
552	5	20	6	error	'278'	0	1	0	2015-06-20 01:43:46	278	612073320557621248	376613506922117869568	0	0	0	0	0	0	0	0	0	0	0	0	0
553	5	20	6	error	'274'	0	1	0	2015-06-20 01:37:02	274	612071628441149440	230613376256248123392	0	0	0	0	0	0	0	0	0	0	0	0	0
554	5	20	6	error	'376'	1	0	0	2015-06-20 01:27:57	376	612069340192485376	233613026667557072896	1	1	0	0	0	0	0	0	0	0	0	0	0
555	5	20	6	error	'268'	0	1	0	2015-06-20 01:26:53	268	612069071929016320	322613014618785447936	1	0	1	0	0	0	0	0	0	0	0	0	0
556	5	20	6	error	'272'	0	1	0	2015-06-20 01:25:41	272	612068772027830272	220613013075696848896	1	0	1	0	0	0	0	0	0	0	0	0	0
557	5	20	6	error	'370'	1	0	0	2015-06-20 00:56:00	370	612061302458966017	278612073320557621248	1	0	1	0	0	0	0	0	0	0	0	0	0
558	4	19	6	error	'151'	0	0	1	2015-06-19 22:37:34	151	612026463651434496	274612071628441149440	1	0	1	0	0	0	0	0	0	0	0	0	0
559	4	19	6	rush_evening	'142'	0	0	0	2015-06-19 19:22:58	142	611977490110611456	376612069340192485376	1	0	1	0	0	0	0	0	0	0	0	0	0
560	4	19	6	error	'376'	1	0	0	2015-06-19 01:44:52	376	611711210652725248	268612069071929016320	1	0	1	0	0	0	0	0	0	0	0	0	0
561	4	19	6	error	'376'	1	0	0	2015-06-19 00:49:02	376	611697160120209408	272612068772027830272	1	0	1	0	0	0	0	0	0	0	1	0	0
562	4	19	6	error	'156'	0	0	0	2015-06-19 00:12:24	156	611687942575132672	370612061302458966017	1	0	1	0	0	0	0	0	0	0	0	0	0
563	3	18	6	error	'258'	0	1	0	2015-06-18 23:41:53	258	611680260300484608	151612026463651434496	1	1	0	0	0	0	0	0	0	0	0	0	0
564	3	18	6	error	'258'	0	1	0	2015-06-18 23:01:21	258	611670061820981248	142611977490110611456	1	0	1	0	0	0	0	0	0	0	0	0	0
565	3	18	6	error	'254'	0	1	0	2015-06-18 22:43:23	254	611665539639803904	376611711210652725248	1	0	0	1	0	0	0	0	0	0	0	0	0
566	3	18	6	error	'155'	0	0	1	2015-06-18 22:42:56	155	611665428222337024	376611697160120209408	1	0	1	0	0	0	0	0	0	0	0	0	0
567	3	18	6	error	'152'	0	0	0	2015-06-18 22:17:37	152	611659056227311616	156611687942575132672	1	0	1	0	0	0	0	0	0	0	0	0	0
568	3	18	6	error	'146'	0	0	0	2015-06-18 20:06:09	146	611625972027125760	258611680260300484608	1	0	1	0	0	0	0	0	0	0	0	0	0
569	3	18	6	workday	'104'	0	0	0	2015-06-18 13:49:21	104	611531147495866368	258611670061820981248	1	0	1	0	0	0	0	0	0	0	0	0	0
570	2	17	6	workday	'221'	0	1	1	2015-06-17 14:57:07	221	611185810088398849	254611665539639803904	1	0	1	0	0	0	0	0	0	0	0	0	0
571	2	17	6	workday	'221'	0	1	1	2015-06-17 14:27:01	221	611178237062959104	155611665428222337024	1	1	0	0	0	0	0	0	0	0	0	0	0
572	2	17	6	workday	'221'	0	1	1	2015-06-17 14:26:54	221	611178205848862720	152611659056227311616	1	1	0	0	0	0	0	0	0	0	1	0	0
573	2	17	6	error	'380'	1	0	0	2015-06-17 01:54:14	380	610988792887926785	146611625972027125760	1	0	1	0	0	0	0	0	0	0	0	0	0
574	2	17	6	error	'269'	0	1	1	2015-06-17 00:30:34	269	610967738505277445	104611531147495866368	1	0	0	1	0	0	0	0	0	0	0	0	0
575	1	16	6	rush_evening	'142'	0	0	0	2015-06-16 19:07:18	142	610886385810063360	221611185810088398849	1	0	1	0	0	0	0	0	0	0	0	0	0
576	6	14	6	error	'440', '442'	0	0	0	2015-06-14 01:05:57	440	609889477117394944	221611178237062959104	1	1	0	0	0	0	0	0	0	0	0	0	0
577	6	14	6	error	'440', '442'	0	0	0	2015-06-14 01:05:57	442	609889477117394944	221611178205848862720	1	0	1	0	0	0	0	0	0	0	0	0	0
578	4	12	6	error	'371'	1	0	1	2015-06-12 23:28:48	371	609502642159489024	380610988792887926785	1	0	0	0	0	0	0	0	1	0	0	0	0
579	4	12	6	error	'152'	0	0	0	2015-06-12 22:49:36	152	609492775201959936	269610967738505277445	1	1	0	0	0	0	0	0	0	0	0	0	0
580	1	9	6	rush_evening	'135'	0	0	1	2015-06-09 17:11:21	135	608320491758174208	142610886385810063360	1	0	1	0	0	0	0	0	0	0	0	0	0
581	1	9	6	workday	'323'	1	0	1	2015-06-09 14:58:07	323	608286959337795584	440609889477117394944	1	0	0	0	0	0	1	0	0	0	1	0	0
582	1	9	6	error	'267'	0	1	1	2015-06-09 00:11:52	267	608063927352741889	442609889477117394944	1	0	0	0	0	0	0	0	0	0	1	0	0
583	0	8	6	rush_evening	'233'	0	1	1	2015-06-08 16:57:27	233	607954605029269504	371609502642159489024	0	0	0	0	0	0	0	0	0	0	0	0	0
